region	bank	addr	len	symbol	role	sect	group	verify	desc
VRAM	-	$8000	2048	vChars0	entry	VRAM	graphics	rom,live	The first of three tile blocks in video RAM, `$8000-$87FF`. Objects are always fetched from here and the block above it.
VRAM	-	$8000	2048	vNPCSprites	alias	VRAM	graphics	rom,live	The overworld people's tiles.
VRAM	-	$8000	2048	vSprites	alias	VRAM	graphics	rom,live	Object tiles.
VRAM	-	$8800	2048	vTitleLogo	entry	VRAM	graphics	rom,live	Shares this VRAM block with `vChars1`/`vFont` — the same 2 KiB read as tile graphics before the title screen loads and as the game's font afterward; see those entries.
VRAM	-	$8800	2048	vChars1	alias	VRAM	graphics	rom,live	The middle tile block, `$8800-$8FFF`, reachable from both addressing modes.
VRAM	-	$8800	2048	vFont	alias	VRAM	graphics	rom,live	Where the text font lands. This is the block that makes the tilemap read back as text: load the font here in ASCII-ish order and a tile id becomes a character code.
VRAM	-	$8800	2048	vNPCSprites2	alias	VRAM	graphics	rom,live	
VRAM	-	$9000	784	vTileset	entry	VRAM	graphics	rom,live	The 96 background tiles a map's tileset loads into. Re-copied on every map load, which is why anything written here by a tool is clobbered at the next door.
VRAM	-	$9000	784	vFrontPic	alias	VRAM	graphics	rom,live	Where a Pokemon's front picture is decompressed to before a battle draws it.
VRAM	-	$9000	784	vChars2	instance	VRAM	graphics	rom,live	The last tile block, `$9000-$97FF`, only reachable by the background when the unsigned addressing mode is selected.
VRAM	-	$9310	1264	vTitleLogo2	entry	VRAM	graphics	rom,live	Shares this VRAM block with `vBackPic`, where a Pokémon's back picture is decompressed to; see that entry.
VRAM	-	$9310	1264	vBackPic	alias	VRAM	graphics	rom,live	Where the back picture is decompressed to.
VRAM	-	$9800	1024	vBGMap0	entry	VRAM	graphics	rom,live	The first 32x32 background tilemap. The 20x18 window the screen shows is a corner of it.
VRAM	-	$9C00	1024	vBGMap1	entry	VRAM	graphics	rom,live	The second background tilemap, used for transitions and for the window layer.
SRAM	0	$A000	392	sSpriteBuffer0	entry	Sprite Buffers	graphics	rom	One of three decompression buffers in **cartridge RAM**. Gen 1 stores its pictures compressed and unpacks them here — a good reminder that battery-backed RAM is not only for saves.
SRAM	0	$A188	392	sSpriteBuffer1	entry	Sprite Buffers	graphics	rom	Second sprite decompression buffer.
SRAM	0	$A310	648	sSpriteBuffer2	instance	Sprite Buffers	graphics	rom	Third sprite decompression buffer.
SRAM	0	$A598	4800	sHallOfFame	entry	Sprite Buffers	save	rom	Hall of Fame records: one team appended per victory, in cartridge RAM bank 1.
SRAM	0	$B858	1960	free:SRAM0:$B858	free	(unallocated)	system		
SRAM	1	$A000	1432	gap:SRAM1:$A000	gap	Save Data	save	rom	
SRAM	1	$A598	11	sPlayerName	entry	Save Data	save	rom	The saved player name. `LoadSAV` reads this first to decide whether a save exists at all.
SRAM	1	$A598	11	sGameData	alias	Save Data	save	rom	The whole saved game as one span, for the checksum routines.
SRAM	1	$A5A3	1929	sMainData	entry	Save Data	save	rom	The saved main-data block in cartridge RAM: the counterpart of `wMainDataStart` onwards. A `.sav` is raw cartridge RAM with no header, so a file offset *is* an offset from `$A000` in the bank.
SRAM	1	$AD2C	512	sSpriteData	entry	Save Data	save	rom	
SRAM	1	$AF2C	404	sPartyData	entry	Save Data	party	rom	The saved party, the same layout as `wPartyCount` onwards.
SRAM	1	$B0C0	1122	sCurBoxData	entry	Save Data	save	rom	
SRAM	1	$B522	1	sTileAnimations	entry	Save Data	save	rom	
SRAM	1	$B523	1	sMainDataCheckSum	entry	Save Data	save	rom	The checksum over `sMainData`. Edit a save by hand and this has to be fixed, or the game discards it.
SRAM	1	$B523	1	sGameDataEnd	alias	Save Data	save	rom	One past the run `CalcCheckSum` covers — numerically the same address as `sMainDataCheckSum`, which is where the complement of that byte sum is stored.
SRAM	1	$B524	2780	free:SRAM1:$B524	free	(unallocated)	system		
SRAM	2	$A000	1122	sBox1	entry	Saved Boxes 1	storage	rom	Stored box 1. Boxes 1-6 live in cartridge RAM bank 2 and boxes 7-12 in bank 3; each occupies `$462` bytes, which is the stride between consecutive `sBoxN` labels.
SRAM	2	$A462	1122	sBox2	instance	Saved Boxes 1	storage	rom	
SRAM	2	$A8C4	1122	sBox3	instance	Saved Boxes 1	storage	rom	
SRAM	2	$AD26	1122	sBox4	instance	Saved Boxes 1	storage	rom	
SRAM	2	$B188	1122	sBox5	instance	Saved Boxes 1	storage	rom	
SRAM	2	$B5EA	1122	sBox6	instance	Saved Boxes 1	storage	rom	
SRAM	2	$BA4C	1	sBank2AllBoxesChecksum	entry	Saved Boxes 1	storage	rom	One checksum over all six of this bank's boxes, sitting immediately after them at `$A000 + 6 x $462`. The per-box bytes follow it.
SRAM	2	$BA4D	6	sBank2IndividualBoxChecksums	entry	Saved Boxes 1	storage	rom	Six checksum bytes, one per box in this bank. A box that fails its checksum is not decoded; the trainer plugin refuses it with a note rather than showing wrong data.
SRAM	2	$BA53	1453	free:SRAM2:$BA53	free	(unallocated)	system		
SRAM	3	$A000	1122	sBox7	entry	Saved Boxes 2	storage	rom	Stored box 7, the first in cartridge RAM bank 3.
SRAM	3	$A462	1122	sBox8	entry	Saved Boxes 2	storage	rom	Stored box 8, in cartridge RAM bank 3.
SRAM	3	$A8C4	1122	sBox9	entry	Saved Boxes 2	storage	rom	Stored box 9.
SRAM	3	$AD26	1122	sBox10	entry	Saved Boxes 2	storage	rom	Stored box 10.
SRAM	3	$B188	1122	sBox11	entry	Saved Boxes 2	storage	rom	Stored box 11.
SRAM	3	$B5EA	1122	sBox12	entry	Saved Boxes 2	storage	rom	Stored box 12, the last in bank 3.
SRAM	3	$BA4C	1	sBank3AllBoxesChecksum	entry	Saved Boxes 2	storage	rom	The same for bank 3's six boxes.
SRAM	3	$BA4D	6	sBank3IndividualBoxChecksums	entry	Saved Boxes 2	storage	rom	Six checksum bytes, one per box in this bank.
SRAM	3	$BA53	1453	free:SRAM3:$BA53	free	(unallocated)	system		
WRAM0	-	$C000	1	wUnusedMusicByte	entry	Audio RAM	audio	rom,live	Declared and never read. Kept because removing it would move everything below it.
WRAM0	-	$C001	1	wSoundID	entry	Audio RAM	audio	rom,live	Which piece of music or sound effect to start. Writing it is how everything in the game asks for a noise.
WRAM0	-	$C002	1	wMuteAudioAndPauseMusic	entry	Audio RAM	audio	rom,live	Silences the hardware and freezes the sequencer, used while a menu is open.
WRAM0	-	$C003	1	wDisableChannelOutputWhenSfxEnds	entry	Audio RAM	audio	rom,live	Silences a music channel that a sound effect borrowed, rather than letting the note resume.
WRAM0	-	$C004	1	wStereoPanning	entry	Audio RAM	audio	rom,live	Which hardware channels reach which speaker.
WRAM0	-	$C005	1	wSavedVolume	entry	Audio RAM	audio	rom,live	Master volume saved across a fade.
WRAM0	-	$C006	16	wChannelCommandPointers	entry	Audio RAM	audio	rom,live	Where each channel is in its command stream — the sound engine is a little interpreter and this is its program counter.
WRAM0	-	$C016	16	wChannelReturnAddresses	entry	Audio RAM	audio	rom,live	Where a channel's command stream resumes after a subroutine call — the return-address stack for `wChannelCommandPointers`' own program counter. Measured across a real playthrough (walk, a forced battle, menus): written from bank 31 `$530A`, during battle-trigger, intro, walk/menus; 9 distinct values seen, 0-235.
WRAM0	-	$C026	8	wChannelSoundIDs	entry	Audio RAM	audio	rom,live	What each of the eight software channels is currently playing.
WRAM0	-	$C02E	8	wChannelFlags1	entry	Audio RAM	audio	rom,live	Per-channel state: whether a note is held, whether vibrato is on, and so forth.
WRAM0	-	$C036	8	wChannelFlags2	instance	Audio RAM	audio	rom,live	
WRAM0	-	$C03E	8	wChannelDutyCycles	entry	Audio RAM	audio	rom,live	The square channels' duty setting per software channel.
WRAM0	-	$C046	8	wChannelDutyCyclePatterns	entry	Audio RAM	audio	rom,live	Which of the four duty-cycle waveforms each square channel is currently using. Measured across a real playthrough (walk, a forced battle, menus): changed value, during intro; values seen: [0].
WRAM0	-	$C04E	8	wChannelVibratoDelayCounters	entry	Audio RAM	audio	rom,live	Frames left before vibrato starts on each channel, counting down from `wChannelVibratoDelayCounterReloadValues`. Measured across a real playthrough (walk, a forced battle, menus): written from 3 places, chiefly bank 31 `$51F8`, during battle, battle-trigger, intro, post-battle menus, walk/menus; 10 distinct values seen, 0-9.
WRAM0	-	$C056	8	wChannelVibratoExtents	entry	Audio RAM	audio	rom,live	How far each channel's vibrato swings the pitch. Measured across a real playthrough (walk, a forced battle, menus): changed value, during battle-trigger, intro; values seen: [0, 33].
WRAM0	-	$C05E	8	wChannelVibratoRates	entry	Audio RAM	audio	rom,live	How fast each channel's vibrato oscillates.
WRAM0	-	$C066	8	wChannelFrequencyLowBytes	entry	Audio RAM	audio	rom,live	The low byte of each channel's current pitch.
WRAM0	-	$C06E	8	wChannelVibratoDelayCounterReloadValues	entry	Audio RAM	audio	rom,live	The value `wChannelVibratoDelayCounters` is reloaded with once its countdown reaches zero. Measured across a real playthrough (walk, a forced battle, menus): changed value, during battle-trigger, intro; values seen: [0, 6, 9].
WRAM0	-	$C076	8	wChannelPitchSlideLengthModifiers	entry	Audio RAM	audio	rom,live	How many steps a channel's pitch slide takes to complete. Measured across a real playthrough (walk, a forced battle, menus): changed value, during intro; values seen: [0].
WRAM0	-	$C07E	8	wChannelPitchSlideFrequencySteps	entry	Audio RAM	audio	rom,live	How far the pitch moves each step of a channel's slide. Measured across a real playthrough (walk, a forced battle, menus): changed value, during intro; values seen: [0].
WRAM0	-	$C086	8	wChannelPitchSlideFrequencyStepsFractionalPart	entry	Audio RAM	audio	rom,live	The sub-integer remainder of `wChannelPitchSlideFrequencySteps`, carried so a slow slide still lands exactly on its target frequency. Measured across a real playthrough (walk, a forced battle, menus): changed value, during intro; values seen: [0].
WRAM0	-	$C08E	8	wChannelPitchSlideCurrentFrequencyFractionalPart	entry	Audio RAM	audio	rom,live	The sub-integer remainder of a channel's pitch as its slide moves it, kept beside the whole-number frequency bytes. Measured across a real playthrough (walk, a forced battle, menus): changed value, during intro; values seen: [0].
WRAM0	-	$C096	8	wChannelPitchSlideCurrentFrequencyHighBytes	entry	Audio RAM	audio	rom,live	The high byte of each channel's pitch as a slide is moving it toward the target frequency. Measured across a real playthrough (walk, a forced battle, menus): changed value, during intro; values seen: [0].
WRAM0	-	$C09E	8	wChannelPitchSlideCurrentFrequencyLowBytes	entry	Audio RAM	audio	rom,live	
WRAM0	-	$C0A6	8	wChannelPitchSlideTargetFrequencyHighBytes	entry	Audio RAM	audio	rom,live	The high byte of the frequency a channel's pitch slide is moving toward. Measured across a real playthrough (walk, a forced battle, menus): changed value, during intro; values seen: [0].
WRAM0	-	$C0AE	8	wChannelPitchSlideTargetFrequencyLowBytes	entry	Audio RAM	audio	rom,live	The low byte of the frequency a channel's pitch slide is moving toward. Measured across a real playthrough (walk, a forced battle, menus): changed value, during intro; values seen: [0].
WRAM0	-	$C0B6	8	wChannelNoteDelayCounters	entry	Audio RAM	audio	rom,live	
WRAM0	-	$C0BE	8	wChannelLoopCounters	entry	Audio RAM	audio	rom,live	How many repeats are left of a looped section of a channel's command stream. Measured across a real playthrough (walk, a forced battle, menus): written from bank 2 `$5A8A`, during intro; values seen: [0, 1].
WRAM0	-	$C0C6	8	wChannelNoteSpeeds	entry	Audio RAM	audio	rom,live	How many frames each of a channel's notes lasts. Measured across a real playthrough (walk, a forced battle, menus): written from bank 31 `$5368` and bank 2 `$5A8A`, during battle-trigger, intro, walk/menus; values seen: [0, 1, 8, 12].
WRAM0	-	$C0CE	8	wChannelNoteDelayCountersFractionalPart	entry	Audio RAM	audio	rom,live	The sub-frame remainder of a channel's note-length countdown (`wChannelNoteDelayCounters`), carried so a note's length stays accurate over many notes. Measured across a real playthrough (walk, a forced battle, menus): written from bank 31 `$55C3` and bank 8 `$5CD0`, during battle, battle-trigger, intro, post-battle menus, walk/menus; 12 distinct values seen, 0-240.
WRAM0	-	$C0D6	8	wChannelOctaves	entry	Audio RAM	audio	rom,live	Each channel's current octave. Measured across a real playthrough (walk, a forced battle, menus): written from bank 31 `$54E2` and bank 8 `$5BEF`, during battle, battle-trigger, intro, post-battle menus, walk/menus; values seen: [0, 4, 5, 6].
WRAM0	-	$C0DE	8	wChannelVolumes	entry	Audio RAM	audio	rom,live	Each channel's current volume. Measured across a real playthrough (walk, a forced battle, menus): written from bank 31 `$5393` and bank 8 `$5AA0`, during battle, battle-trigger, intro, post-battle menus, walk/menus; 15 distinct values seen, 0-231.
WRAM0	-	$C0E6	1	wMusicWaveInstrument	entry	Audio RAM	audio	rom,live	Which of the wave channel's four instrument samples the current music track is using. Measured across a real playthrough (walk, a forced battle, menus): changed value, during battle-trigger, intro; values seen: [0, 1].
WRAM0	-	$C0E7	1	wSfxWaveInstrument	entry	Audio RAM	audio	rom,live	Which of the wave channel's four instrument samples the current sound effect is using — kept separate from `wMusicWaveInstrument` so a sound effect borrowing the wave channel does not change what the music resumes with. Measured across a real playthrough (walk, a forced battle, menus): changed value, during intro; values seen: [0].
WRAM0	-	$C0E8	2	wMusicTempo	entry	Audio RAM	audio	rom,live	The current music track's tempo. Measured across a real playthrough (walk, a forced battle, menus): written from bank 2 `$5A7D`, during battle-trigger, intro; values seen: [0, 1].
WRAM0	-	$C0EA	2	wSfxTempo	entry	Audio RAM	audio	rom,live	The current sound effect's tempo, kept separate from `wMusicTempo` for the same reason `wSfxWaveInstrument` is. Measured across a real playthrough (walk, a forced battle, menus): written from 3 places, chiefly bank 2 `$5A80`, during battle, intro; values seen: [0, 1].
WRAM0	-	$C0EC	2	wSfxHeaderPointer	entry	Audio RAM	audio	rom,live	Pointer to the currently-playing sound effect's own header in ROM. Measured across a real playthrough (walk, a forced battle, menus): written from bank 31 `$59CE`, during battle, intro; values seen: [0, 64, 65, 66].
WRAM0	-	$C0EE	1	wNewSoundID	entry	Audio RAM	audio	rom,live	The sound requested this frame, before the engine has acted on it.
WRAM0	-	$C0EF	1	wAudioROMBank	entry	Audio RAM	audio	rom,live	Which bank the currently playing music lives in — the sound data is banked like everything else.
WRAM0	-	$C0F0	1	wAudioSavedROMBank	entry	Audio RAM	audio	rom,live	The bank to return to after the sound engine has finished.
WRAM0	-	$C0F1	1	wFrequencyModifier	entry	Audio RAM	audio	rom,live	Added to a channel's frequency bytes as a note plays — the vibrato and pitch-slide effects both work by writing here rather than by touching the note's own base frequency. Measured across a real playthrough (walk, a forced battle, menus): changed value, during battle, intro; values seen: [0, 32, 96, 128, 238, 248].
WRAM0	-	$C0F2	14	wTempoModifier	entry	Audio RAM	audio	rom,live	Per-channel adjustment to the base tempo. Measured across a real playthrough (walk, a forced battle, menus): changed value, during battle, intro; values seen: [0, 1, 16, 48, 64, 96, 128].
WRAM0	-	$C100	1	wSpriteStateData1	entry	Sprite State Data	sprites	rom,live	Sixteen 16-byte sprite structures. **Slot 0 is the player**; slots 1-15 are the map's objects. This half holds screen position and animation; `wSpriteStateData2` holds map position and identity.
WRAM0	-	$C100	1	wSpriteDataStart	alias	Sprite State Data	sprites	rom,live	First byte of the sprite state, an alias of `wSpriteStateData1`.
WRAM0	-	$C100	1	wSpritePlayerStateData1	alias	Sprite State Data	sprites	rom,live	Slot 0 of the first sprite bank: the player. Every other slot has the same shape.
WRAM0	-	$C100	1	wSpritePlayerStateData1PictureID	alias	Sprite State Data	sprites	rom,live	Which sprite sheet this slot draws from. 0 means the slot is unused.
WRAM0	-	$C101	1	wSpritePlayerStateData1MovementStatus	entry	Sprite State Data	sprites	rom,live	What the slot is doing: standing, walking, or being scripted.
WRAM0	-	$C102	1	wSpritePlayerStateData1ImageIndex	entry	Sprite State Data	sprites	rom,live	Which frame of the sheet is showing. `$FF` hides the slot.
WRAM0	-	$C103	1	wSpritePlayerStateData1YStepVector	entry	Sprite State Data	sprites	rom,live	How far the slot moves vertically per frame of a step.
WRAM0	-	$C104	1	wSpritePlayerStateData1YPixels	entry	Sprite State Data	sprites	rom,live	Screen position, vertical. **The engine owns these while a step is in progress** — it shifts every slot two pixels a frame against the player's motion so they appear to stay put on the map. Writing them mid-step makes an object ride the camera and then snap.
WRAM0	-	$C105	1	wSpritePlayerStateData1XStepVector	entry	Sprite State Data	sprites	rom,live	How far the slot moves horizontally per frame of a step.
WRAM0	-	$C106	1	wSpritePlayerStateData1XPixels	entry	Sprite State Data	sprites	rom,live	Screen position, horizontal.
WRAM0	-	$C107	1	wSpritePlayerStateData1IntraAnimFrameCounter	entry	Sprite State Data	sprites	rom,live	Frames left on the player sprite's current animation frame before it advances to the next one. Measured across a real playthrough (walk, a forced battle, menus): written from 3 places, chiefly bank 1 `$4E9E`, during intro, walk/menus; values seen: [0, 1, 2, 3, 4].
WRAM0	-	$C108	1	wSpritePlayerStateData1AnimFrameCounter	entry	Sprite State Data	sprites	rom,live	Which frame of the player sprite's walking/facing animation is currently showing. Measured across a real playthrough (walk, a forced battle, menus): written from bank 1 `$4EAA` and bank 1 `$4E81`, during intro, walk/menus; values seen: [0, 1, 2, 3].
WRAM0	-	$C109	1	wSpritePlayerStateData1FacingDirection	entry	Sprite State Data	sprites	rom,live	Which way the slot faces: 0 down, 4 up, 8 left, 12 right.
WRAM0	-	$C10A	1	wSpritePlayerStateData1YAdjusted	entry	Sprite State Data	sprites	live	The player sprite's own screen Y position, adjusted for the mid-step camera offset — distinct from `wSpritePlayerStateData2YDisplacement`, which is the raw displacement this is derived from. Measured across a real playthrough (walk, a forced battle, menus): written from 3 places, chiefly bank 1 `$4CA3`, during intro, walk/menus; values seen: [0, 57, 64, 71].
WRAM0	-	$C10B	1	wSpritePlayerStateData1XAdjusted	entry	Sprite State Data	sprites	live	The player sprite's own screen X position, adjusted for the mid-step camera offset. Measured across a real playthrough (walk, a forced battle, menus): written from 3 places, chiefly bank 1 `$4CA0`, during intro, walk/menus; values seen: [0, 57, 64, 71].
WRAM0	-	$C10C	4	wSpritePlayerStateData1CollisionData	entry	Sprite State Data	sprites	rom,live	Which of the four directions are blocked for this slot.
WRAM0	-	$C110	1	wSprite01StateData1PictureID	entry	Sprite State Data	sprites	rom,live	Which sprite sheet map object 1 draws from; 0 means the slot is unused, and it is the only thing `PrepareOAMData` checks before drawing the slot.
WRAM0	-	$C110	1	wSprite01StateData1	alias	Sprite State Data	sprites	rom,live	Map object 1's first-bank structure.
WRAM0	-	$C110	1	wSpritePlayerStateData1End	alias	Sprite State Data	sprites	rom,live	One past the player slot's first-bank structure.
WRAM0	-	$C111	1	wSprite01StateData1MovementStatus	entry	Sprite State Data	sprites	rom,live	What map object 1 is doing: standing, walking, or being scripted.
WRAM0	-	$C112	1	wSprite01StateData1ImageIndex	entry	Sprite State Data	sprites	rom,live	Which frame is showing: the high nybble picks the video-RAM pattern slot and the low nybble indexes the facing-and-animation table. `$FF` means off screen, do not draw.
WRAM0	-	$C113	1	wSprite01StateData1YStepVector	entry	Sprite State Data	sprites	rom,live	How far map object 1 moves vertically per frame of a step.
WRAM0	-	$C114	1	wSprite01StateData1YPixels	entry	Sprite State Data	sprites	rom,live	Screen position of map object 1, vertical. The engine owns it while a step is in progress — that is what `wWalkCounter` being non-zero means.
WRAM0	-	$C115	1	wSprite01StateData1XStepVector	entry	Sprite State Data	sprites	live	How far map object 1 moves horizontally per frame of a step.
WRAM0	-	$C116	1	wSprite01StateData1XPixels	entry	Sprite State Data	sprites	rom,live	Screen position of map object 1, horizontal.
WRAM0	-	$C117	1	wSprite01StateData1IntraAnimFrameCounter	entry	Sprite State Data	sprites	live	Frames left on object slot 1's current animation frame before it advances. Same field as `wSpritePlayerStateData1IntraAnimFrameCounter`, one slot over. Measured across a real playthrough (walk, a forced battle, menus): changed value, during intro; values seen: [0].
WRAM0	-	$C118	1	wSprite01StateData1AnimFrameCounter	entry	Sprite State Data	sprites	rom,live	Which frame of object slot 1's animation is currently showing. Measured across a real playthrough (walk, a forced battle, menus): changed value, during intro; values seen: [0].
WRAM0	-	$C119	1	wSprite01StateData1FacingDirection	entry	Sprite State Data	sprites	rom,live	Which way map object 1 faces: 0 down, 4 up, 8 left, 12 right.
WRAM0	-	$C11A	1	wSprite01StateData1YAdjusted	entry	Sprite State Data	sprites	live	Object slot 1's screen Y position, adjusted for the mid-step camera offset. Measured across a real playthrough (walk, a forced battle, menus): written from bank 1 `$4BE5` and bank 28 `$00B6`, during intro, walk/menus; values seen: [0, 16, 32, 208, 224, 240].
WRAM0	-	$C11B	1	wSprite01StateData1XAdjusted	entry	Sprite State Data	sprites	live	Object slot 1's screen X position, adjusted for the mid-step camera offset. Measured across a real playthrough (walk, a forced battle, menus): written from bank 1 `$4BEB` and bank 28 `$00B6`, during intro, walk/menus; 9 distinct values seen, 0-240.
WRAM0	-	$C11C	4	wSprite01StateData1CollisionData	entry	Sprite State Data	sprites	live	Which of the four directions are blocked for map object 1.
WRAM0	-	$C120	1	wSprite01StateData1End	entry	Sprite State Data	sprites	live	One past map object 1's first-bank structure.
WRAM0	-	$C120	1	wSprite02StateData1	instance	Sprite State Data	sprites	live	
WRAM0	-	$C120	1	wSprite02StateData1PictureID	instance	Sprite State Data	sprites	live	
WRAM0	-	$C121	1	wSprite02StateData1MovementStatus	instance	Sprite State Data	sprites	rom,live	
WRAM0	-	$C122	1	wSprite02StateData1ImageIndex	instance	Sprite State Data	sprites	rom,live	
WRAM0	-	$C123	1	wSprite02StateData1YStepVector	instance	Sprite State Data	sprites	live	
WRAM0	-	$C124	1	wSprite02StateData1YPixels	instance	Sprite State Data	sprites	rom,live	
WRAM0	-	$C125	1	wSprite02StateData1XStepVector	instance	Sprite State Data	sprites	live	
WRAM0	-	$C126	1	wSprite02StateData1XPixels	instance	Sprite State Data	sprites	rom,live	
WRAM0	-	$C127	1	wSprite02StateData1IntraAnimFrameCounter	instance	Sprite State Data	sprites	live	
WRAM0	-	$C128	1	wSprite02StateData1AnimFrameCounter	instance	Sprite State Data	sprites	rom,live	
WRAM0	-	$C129	1	wSprite02StateData1FacingDirection	instance	Sprite State Data	sprites	rom,live	
WRAM0	-	$C12A	1	wSprite02StateData1YAdjusted	instance	Sprite State Data	sprites	live	
WRAM0	-	$C12B	1	wSprite02StateData1XAdjusted	instance	Sprite State Data	sprites	live	
WRAM0	-	$C12C	4	wSprite02StateData1CollisionData	instance	Sprite State Data	sprites	live	
WRAM0	-	$C130	1	wSprite02StateData1End	instance	Sprite State Data	sprites	live	
WRAM0	-	$C130	1	wSprite03StateData1	instance	Sprite State Data	sprites	live	
WRAM0	-	$C130	1	wSprite03StateData1PictureID	instance	Sprite State Data	sprites	live	
WRAM0	-	$C131	1	wSprite03StateData1MovementStatus	instance	Sprite State Data	sprites	rom,live	
WRAM0	-	$C132	1	wSprite03StateData1ImageIndex	instance	Sprite State Data	sprites	rom,live	
WRAM0	-	$C133	1	wSprite03StateData1YStepVector	instance	Sprite State Data	sprites	live	
WRAM0	-	$C134	1	wSprite03StateData1YPixels	instance	Sprite State Data	sprites	rom,live	
WRAM0	-	$C135	1	wSprite03StateData1XStepVector	instance	Sprite State Data	sprites	live	
WRAM0	-	$C136	1	wSprite03StateData1XPixels	instance	Sprite State Data	sprites	rom,live	
WRAM0	-	$C137	1	wSprite03StateData1IntraAnimFrameCounter	instance	Sprite State Data	sprites	live	
WRAM0	-	$C138	1	wSprite03StateData1AnimFrameCounter	instance	Sprite State Data	sprites	rom,live	
WRAM0	-	$C139	1	wSprite03StateData1FacingDirection	instance	Sprite State Data	sprites	live	
WRAM0	-	$C13A	1	wSprite03StateData1YAdjusted	instance	Sprite State Data	sprites	live	
WRAM0	-	$C13B	1	wSprite03StateData1XAdjusted	instance	Sprite State Data	sprites	live	
WRAM0	-	$C13C	4	wSprite03StateData1CollisionData	instance	Sprite State Data	sprites	live	
WRAM0	-	$C140	1	wSprite03StateData1End	instance	Sprite State Data	sprites	live	
WRAM0	-	$C140	1	wSprite04StateData1	instance	Sprite State Data	sprites	live	
WRAM0	-	$C140	1	wSprite04StateData1PictureID	instance	Sprite State Data	sprites	live	
WRAM0	-	$C141	1	wSprite04StateData1MovementStatus	instance	Sprite State Data	sprites	rom,live	
WRAM0	-	$C142	1	wSprite04StateData1ImageIndex	instance	Sprite State Data	sprites	live	
WRAM0	-	$C143	1	wSprite04StateData1YStepVector	instance	Sprite State Data	sprites	live	
WRAM0	-	$C144	1	wSprite04StateData1YPixels	instance	Sprite State Data	sprites	live	
WRAM0	-	$C145	1	wSprite04StateData1XStepVector	instance	Sprite State Data	sprites	live	
WRAM0	-	$C146	1	wSprite04StateData1XPixels	instance	Sprite State Data	sprites	live	
WRAM0	-	$C147	1	wSprite04StateData1IntraAnimFrameCounter	instance	Sprite State Data	sprites	rom,live	
WRAM0	-	$C148	1	wSprite04StateData1AnimFrameCounter	instance	Sprite State Data	sprites	rom,live	
WRAM0	-	$C149	1	wSprite04StateData1FacingDirection	instance	Sprite State Data	sprites	live	
WRAM0	-	$C14A	1	wSprite04StateData1YAdjusted	instance	Sprite State Data	sprites	live	
WRAM0	-	$C14B	1	wSprite04StateData1XAdjusted	instance	Sprite State Data	sprites	live	
WRAM0	-	$C14C	4	wSprite04StateData1CollisionData	instance	Sprite State Data	sprites	live	
WRAM0	-	$C150	1	wSprite04StateData1End	instance	Sprite State Data	sprites	live	
WRAM0	-	$C150	1	wSprite05StateData1	instance	Sprite State Data	sprites	live	
WRAM0	-	$C150	1	wSprite05StateData1PictureID	instance	Sprite State Data	sprites	live	
WRAM0	-	$C151	1	wSprite05StateData1MovementStatus	instance	Sprite State Data	sprites	live	
WRAM0	-	$C152	1	wSprite05StateData1ImageIndex	instance	Sprite State Data	sprites	live	
WRAM0	-	$C153	1	wSprite05StateData1YStepVector	instance	Sprite State Data	sprites	live	
WRAM0	-	$C154	1	wSprite05StateData1YPixels	instance	Sprite State Data	sprites	rom,live	
WRAM0	-	$C155	1	wSprite05StateData1XStepVector	instance	Sprite State Data	sprites	live	
WRAM0	-	$C156	1	wSprite05StateData1XPixels	instance	Sprite State Data	sprites	live	
WRAM0	-	$C157	1	wSprite05StateData1IntraAnimFrameCounter	instance	Sprite State Data	sprites	live	
WRAM0	-	$C158	1	wSprite05StateData1AnimFrameCounter	instance	Sprite State Data	sprites	rom,live	
WRAM0	-	$C159	1	wSprite05StateData1FacingDirection	instance	Sprite State Data	sprites	live	
WRAM0	-	$C15A	1	wSprite05StateData1YAdjusted	instance	Sprite State Data	sprites	live	
WRAM0	-	$C15B	1	wSprite05StateData1XAdjusted	instance	Sprite State Data	sprites	live	
WRAM0	-	$C15C	4	wSprite05StateData1CollisionData	instance	Sprite State Data	sprites	live	
WRAM0	-	$C160	1	wSprite05StateData1End	instance	Sprite State Data	sprites	rom,live	
WRAM0	-	$C160	1	wSprite06StateData1	instance	Sprite State Data	sprites	rom,live	
WRAM0	-	$C160	1	wSprite06StateData1PictureID	instance	Sprite State Data	sprites	rom,live	
WRAM0	-	$C161	1	wSprite06StateData1MovementStatus	instance	Sprite State Data	sprites	rom,live	
WRAM0	-	$C162	1	wSprite06StateData1ImageIndex	instance	Sprite State Data	sprites	live	
WRAM0	-	$C163	1	wSprite06StateData1YStepVector	instance	Sprite State Data	sprites	live	
WRAM0	-	$C164	1	wSprite06StateData1YPixels	instance	Sprite State Data	sprites	rom,live	
WRAM0	-	$C165	1	wSprite06StateData1XStepVector	instance	Sprite State Data	sprites	live	
WRAM0	-	$C166	1	wSprite06StateData1XPixels	instance	Sprite State Data	sprites	live	
WRAM0	-	$C167	1	wSprite06StateData1IntraAnimFrameCounter	instance	Sprite State Data	sprites	live	
WRAM0	-	$C168	1	wSprite06StateData1AnimFrameCounter	instance	Sprite State Data	sprites	rom,live	
WRAM0	-	$C169	1	wSprite06StateData1FacingDirection	instance	Sprite State Data	sprites	live	
WRAM0	-	$C16A	1	wSprite06StateData1YAdjusted	instance	Sprite State Data	sprites	live	
WRAM0	-	$C16B	1	wSprite06StateData1XAdjusted	instance	Sprite State Data	sprites	live	
WRAM0	-	$C16C	4	wSprite06StateData1CollisionData	instance	Sprite State Data	sprites	live	
WRAM0	-	$C170	1	wSprite06StateData1End	instance	Sprite State Data	sprites	rom,live	
WRAM0	-	$C170	1	wSprite07StateData1	instance	Sprite State Data	sprites	rom,live	
WRAM0	-	$C170	1	wSprite07StateData1PictureID	instance	Sprite State Data	sprites	rom,live	
WRAM0	-	$C171	1	wSprite07StateData1MovementStatus	instance	Sprite State Data	sprites	live	
WRAM0	-	$C172	1	wSprite07StateData1ImageIndex	instance	Sprite State Data	sprites	rom,live	
WRAM0	-	$C173	1	wSprite07StateData1YStepVector	instance	Sprite State Data	sprites	rom,live	
WRAM0	-	$C174	1	wSprite07StateData1YPixels	instance	Sprite State Data	sprites	live	
WRAM0	-	$C175	1	wSprite07StateData1XStepVector	instance	Sprite State Data	sprites	live	
WRAM0	-	$C176	1	wSprite07StateData1XPixels	instance	Sprite State Data	sprites	live	
WRAM0	-	$C177	1	wSprite07StateData1IntraAnimFrameCounter	instance	Sprite State Data	sprites	live	
WRAM0	-	$C178	1	wSprite07StateData1AnimFrameCounter	instance	Sprite State Data	sprites	live	
WRAM0	-	$C179	1	wSprite07StateData1FacingDirection	instance	Sprite State Data	sprites	live	
WRAM0	-	$C17A	1	wSprite07StateData1YAdjusted	instance	Sprite State Data	sprites	live	
WRAM0	-	$C17B	1	wSprite07StateData1XAdjusted	instance	Sprite State Data	sprites	live	
WRAM0	-	$C17C	4	wSprite07StateData1CollisionData	instance	Sprite State Data	sprites	live	
WRAM0	-	$C180	1	wSprite07StateData1End	instance	Sprite State Data	sprites	rom,live	
WRAM0	-	$C180	1	wSprite08StateData1	instance	Sprite State Data	sprites	rom,live	
WRAM0	-	$C180	1	wSprite08StateData1PictureID	instance	Sprite State Data	sprites	rom,live	
WRAM0	-	$C181	1	wSprite08StateData1MovementStatus	instance	Sprite State Data	sprites	rom,live	
WRAM0	-	$C182	1	wSprite08StateData1ImageIndex	instance	Sprite State Data	sprites	live	
WRAM0	-	$C183	1	wSprite08StateData1YStepVector	instance	Sprite State Data	sprites	live	
WRAM0	-	$C184	1	wSprite08StateData1YPixels	instance	Sprite State Data	sprites	live	
WRAM0	-	$C185	1	wSprite08StateData1XStepVector	instance	Sprite State Data	sprites	live	
WRAM0	-	$C186	1	wSprite08StateData1XPixels	instance	Sprite State Data	sprites	live	
WRAM0	-	$C187	1	wSprite08StateData1IntraAnimFrameCounter	instance	Sprite State Data	sprites	live	
WRAM0	-	$C188	1	wSprite08StateData1AnimFrameCounter	instance	Sprite State Data	sprites	live	
WRAM0	-	$C189	1	wSprite08StateData1FacingDirection	instance	Sprite State Data	sprites	live	
WRAM0	-	$C18A	1	wSprite08StateData1YAdjusted	instance	Sprite State Data	sprites	rom,live	
WRAM0	-	$C18B	1	wSprite08StateData1XAdjusted	instance	Sprite State Data	sprites	live	
WRAM0	-	$C18C	4	wSprite08StateData1CollisionData	instance	Sprite State Data	sprites	live	
WRAM0	-	$C190	1	wSprite08StateData1End	instance	Sprite State Data	sprites	live	
WRAM0	-	$C190	1	wSprite09StateData1	instance	Sprite State Data	sprites	live	
WRAM0	-	$C190	1	wSprite09StateData1PictureID	instance	Sprite State Data	sprites	live	
WRAM0	-	$C191	1	wSprite09StateData1MovementStatus	instance	Sprite State Data	sprites	rom,live	
WRAM0	-	$C192	1	wSprite09StateData1ImageIndex	instance	Sprite State Data	sprites	live	
WRAM0	-	$C193	1	wSprite09StateData1YStepVector	instance	Sprite State Data	sprites	live	
WRAM0	-	$C194	1	wSprite09StateData1YPixels	instance	Sprite State Data	sprites	rom,live	
WRAM0	-	$C195	1	wSprite09StateData1XStepVector	instance	Sprite State Data	sprites	live	
WRAM0	-	$C196	1	wSprite09StateData1XPixels	instance	Sprite State Data	sprites	rom,live	
WRAM0	-	$C197	1	wSprite09StateData1IntraAnimFrameCounter	instance	Sprite State Data	sprites	live	
WRAM0	-	$C198	1	wSprite09StateData1AnimFrameCounter	instance	Sprite State Data	sprites	rom,live	
WRAM0	-	$C199	1	wSprite09StateData1FacingDirection	instance	Sprite State Data	sprites	live	
WRAM0	-	$C19A	1	wSprite09StateData1YAdjusted	instance	Sprite State Data	sprites	live	
WRAM0	-	$C19B	1	wSprite09StateData1XAdjusted	instance	Sprite State Data	sprites	live	
WRAM0	-	$C19C	4	wSprite09StateData1CollisionData	instance	Sprite State Data	sprites	live	
WRAM0	-	$C1A0	1	wSprite09StateData1End	instance	Sprite State Data	sprites	live	
WRAM0	-	$C1A0	1	wSprite10StateData1	instance	Sprite State Data	sprites	live	
WRAM0	-	$C1A0	1	wSprite10StateData1PictureID	instance	Sprite State Data	sprites	live	
WRAM0	-	$C1A1	1	wSprite10StateData1MovementStatus	instance	Sprite State Data	sprites	live	
WRAM0	-	$C1A2	1	wSprite10StateData1ImageIndex	instance	Sprite State Data	sprites	live	
WRAM0	-	$C1A3	1	wSprite10StateData1YStepVector	instance	Sprite State Data	sprites	live	
WRAM0	-	$C1A4	1	wSprite10StateData1YPixels	instance	Sprite State Data	sprites	rom,live	
WRAM0	-	$C1A5	1	wSprite10StateData1XStepVector	instance	Sprite State Data	sprites	live	
WRAM0	-	$C1A6	1	wSprite10StateData1XPixels	instance	Sprite State Data	sprites	live	
WRAM0	-	$C1A7	1	wSprite10StateData1IntraAnimFrameCounter	instance	Sprite State Data	sprites	live	
WRAM0	-	$C1A8	1	wSprite10StateData1AnimFrameCounter	instance	Sprite State Data	sprites	live	
WRAM0	-	$C1A9	1	wSprite10StateData1FacingDirection	instance	Sprite State Data	sprites	rom,live	
WRAM0	-	$C1AA	1	wSprite10StateData1YAdjusted	instance	Sprite State Data	sprites	live	
WRAM0	-	$C1AB	1	wSprite10StateData1XAdjusted	instance	Sprite State Data	sprites	live	
WRAM0	-	$C1AC	4	wSprite10StateData1CollisionData	instance	Sprite State Data	sprites	live	
WRAM0	-	$C1B0	1	wSprite10StateData1End	instance	Sprite State Data	sprites	live	
WRAM0	-	$C1B0	1	wSprite11StateData1	instance	Sprite State Data	sprites	live	
WRAM0	-	$C1B0	1	wSprite11StateData1PictureID	instance	Sprite State Data	sprites	live	
WRAM0	-	$C1B1	1	wSprite11StateData1MovementStatus	instance	Sprite State Data	sprites	live	
WRAM0	-	$C1B2	1	wSprite11StateData1ImageIndex	instance	Sprite State Data	sprites	live	
WRAM0	-	$C1B3	1	wSprite11StateData1YStepVector	instance	Sprite State Data	sprites	live	
WRAM0	-	$C1B4	1	wSprite11StateData1YPixels	instance	Sprite State Data	sprites	live	
WRAM0	-	$C1B5	1	wSprite11StateData1XStepVector	instance	Sprite State Data	sprites	live	
WRAM0	-	$C1B6	1	wSprite11StateData1XPixels	instance	Sprite State Data	sprites	live	
WRAM0	-	$C1B7	1	wSprite11StateData1IntraAnimFrameCounter	instance	Sprite State Data	sprites	live	
WRAM0	-	$C1B8	1	wSprite11StateData1AnimFrameCounter	instance	Sprite State Data	sprites	live	
WRAM0	-	$C1B9	1	wSprite11StateData1FacingDirection	instance	Sprite State Data	sprites	live	
WRAM0	-	$C1BA	1	wSprite11StateData1YAdjusted	instance	Sprite State Data	sprites	live	
WRAM0	-	$C1BB	1	wSprite11StateData1XAdjusted	instance	Sprite State Data	sprites	live	
WRAM0	-	$C1BC	4	wSprite11StateData1CollisionData	instance	Sprite State Data	sprites	live	
WRAM0	-	$C1C0	1	wSprite11StateData1End	instance	Sprite State Data	sprites	rom,live	
WRAM0	-	$C1C0	1	wSprite12StateData1	instance	Sprite State Data	sprites	rom,live	
WRAM0	-	$C1C0	1	wSprite12StateData1PictureID	instance	Sprite State Data	sprites	rom,live	
WRAM0	-	$C1C1	1	wSprite12StateData1MovementStatus	instance	Sprite State Data	sprites	rom,live	
WRAM0	-	$C1C2	1	wSprite12StateData1ImageIndex	instance	Sprite State Data	sprites	live	
WRAM0	-	$C1C3	1	wSprite12StateData1YStepVector	instance	Sprite State Data	sprites	rom,live	
WRAM0	-	$C1C4	1	wSprite12StateData1YPixels	instance	Sprite State Data	sprites	live	
WRAM0	-	$C1C5	1	wSprite12StateData1XStepVector	instance	Sprite State Data	sprites	live	
WRAM0	-	$C1C6	1	wSprite12StateData1XPixels	instance	Sprite State Data	sprites	live	
WRAM0	-	$C1C7	1	wSprite12StateData1IntraAnimFrameCounter	instance	Sprite State Data	sprites	live	
WRAM0	-	$C1C8	1	wSprite12StateData1AnimFrameCounter	instance	Sprite State Data	sprites	live	
WRAM0	-	$C1C9	1	wSprite12StateData1FacingDirection	instance	Sprite State Data	sprites	live	
WRAM0	-	$C1CA	1	wSprite12StateData1YAdjusted	instance	Sprite State Data	sprites	live	
WRAM0	-	$C1CB	1	wSprite12StateData1XAdjusted	instance	Sprite State Data	sprites	live	
WRAM0	-	$C1CC	4	wSprite12StateData1CollisionData	instance	Sprite State Data	sprites	live	
WRAM0	-	$C1D0	1	wSprite12StateData1End	instance	Sprite State Data	sprites	live	
WRAM0	-	$C1D0	1	wSprite13StateData1	instance	Sprite State Data	sprites	live	
WRAM0	-	$C1D0	1	wSprite13StateData1PictureID	instance	Sprite State Data	sprites	live	
WRAM0	-	$C1D1	1	wSprite13StateData1MovementStatus	instance	Sprite State Data	sprites	rom,live	
WRAM0	-	$C1D2	1	wSprite13StateData1ImageIndex	instance	Sprite State Data	sprites	live	
WRAM0	-	$C1D3	1	wSprite13StateData1YStepVector	instance	Sprite State Data	sprites	rom,live	
WRAM0	-	$C1D4	1	wSprite13StateData1YPixels	instance	Sprite State Data	sprites	live	
WRAM0	-	$C1D5	1	wSprite13StateData1XStepVector	instance	Sprite State Data	sprites	live	
WRAM0	-	$C1D6	1	wSprite13StateData1XPixels	instance	Sprite State Data	sprites	live	
WRAM0	-	$C1D7	1	wSprite13StateData1IntraAnimFrameCounter	instance	Sprite State Data	sprites	live	
WRAM0	-	$C1D8	1	wSprite13StateData1AnimFrameCounter	instance	Sprite State Data	sprites	rom,live	
WRAM0	-	$C1D9	1	wSprite13StateData1FacingDirection	instance	Sprite State Data	sprites	rom,live	
WRAM0	-	$C1DA	1	wSprite13StateData1YAdjusted	instance	Sprite State Data	sprites	live	
WRAM0	-	$C1DB	1	wSprite13StateData1XAdjusted	instance	Sprite State Data	sprites	live	
WRAM0	-	$C1DC	4	wSprite13StateData1CollisionData	instance	Sprite State Data	sprites	live	
WRAM0	-	$C1E0	1	wSprite13StateData1End	instance	Sprite State Data	sprites	live	
WRAM0	-	$C1E0	1	wSprite14StateData1	instance	Sprite State Data	sprites	live	
WRAM0	-	$C1E0	1	wSprite14StateData1PictureID	instance	Sprite State Data	sprites	live	
WRAM0	-	$C1E1	1	wSprite14StateData1MovementStatus	instance	Sprite State Data	sprites	live	
WRAM0	-	$C1E2	1	wSprite14StateData1ImageIndex	instance	Sprite State Data	sprites	live	
WRAM0	-	$C1E3	1	wSprite14StateData1YStepVector	instance	Sprite State Data	sprites	live	
WRAM0	-	$C1E4	1	wSprite14StateData1YPixels	instance	Sprite State Data	sprites	live	
WRAM0	-	$C1E5	1	wSprite14StateData1XStepVector	instance	Sprite State Data	sprites	live	
WRAM0	-	$C1E6	1	wSprite14StateData1XPixels	instance	Sprite State Data	sprites	live	
WRAM0	-	$C1E7	1	wSprite14StateData1IntraAnimFrameCounter	instance	Sprite State Data	sprites	live	
WRAM0	-	$C1E8	1	wSprite14StateData1AnimFrameCounter	instance	Sprite State Data	sprites	live	
WRAM0	-	$C1E9	1	wSprite14StateData1FacingDirection	instance	Sprite State Data	sprites	rom,live	
WRAM0	-	$C1EA	1	wSprite14StateData1YAdjusted	instance	Sprite State Data	sprites	live	
WRAM0	-	$C1EB	1	wSprite14StateData1XAdjusted	instance	Sprite State Data	sprites	live	
WRAM0	-	$C1EC	4	wSprite14StateData1CollisionData	instance	Sprite State Data	sprites	live	
WRAM0	-	$C1F0	1	wSprite14StateData1End	instance	Sprite State Data	sprites	live	
WRAM0	-	$C1F0	1	wSprite15StateData1	instance	Sprite State Data	sprites	live	
WRAM0	-	$C1F0	1	wSprite15StateData1PictureID	instance	Sprite State Data	sprites	live	
WRAM0	-	$C1F1	1	wSprite15StateData1MovementStatus	instance	Sprite State Data	sprites	live	
WRAM0	-	$C1F2	1	wSprite15StateData1ImageIndex	instance	Sprite State Data	sprites	live	
WRAM0	-	$C1F3	1	wSprite15StateData1YStepVector	instance	Sprite State Data	sprites	live	
WRAM0	-	$C1F4	1	wSprite15StateData1YPixels	instance	Sprite State Data	sprites	rom,live	
WRAM0	-	$C1F5	1	wSprite15StateData1XStepVector	instance	Sprite State Data	sprites	live	
WRAM0	-	$C1F6	1	wSprite15StateData1XPixels	instance	Sprite State Data	sprites	live	
WRAM0	-	$C1F7	1	wSprite15StateData1IntraAnimFrameCounter	instance	Sprite State Data	sprites	live	
WRAM0	-	$C1F8	1	wSprite15StateData1AnimFrameCounter	instance	Sprite State Data	sprites	live	
WRAM0	-	$C1F9	1	wSprite15StateData1FacingDirection	instance	Sprite State Data	sprites	live	
WRAM0	-	$C1FA	1	wSprite15StateData1YAdjusted	instance	Sprite State Data	sprites	live	
WRAM0	-	$C1FB	1	wSprite15StateData1XAdjusted	instance	Sprite State Data	sprites	live	
WRAM0	-	$C1FC	4	wSprite15StateData1CollisionData	instance	Sprite State Data	sprites	live	
WRAM0	-	$C200	2	wSpritePlayerStateData2WalkAnimationCounter	entry	Sprite State Data	sprites	rom,live	Offset 0 of the player's own `wSpriteStateData2` (see that entry) — the walk-animation frame counter specifically.
WRAM0	-	$C200	2	wSprite15StateData1End	instance	Sprite State Data	sprites	rom,live	
WRAM0	-	$C200	2	wSpritePlayerStateData2	instance	Sprite State Data	sprites	rom,live	
WRAM0	-	$C200	2	wSpriteStateData2	instance	Sprite State Data	sprites	rom,live	The second sixteen 16-byte sprite structures: map coordinates, which sprite sheet, and the movement script.
WRAM0	-	$C202	1	wSpritePlayerStateData2YDisplacement	entry	Sprite State Data	sprites	live	The player sprite's own raw pixel offset from its tile during a step, before the mid-step adjustment `wSpritePlayerStateData1YAdjusted` applies. Measured across a real playthrough (walk, a forced battle, menus): changed value, during intro; values seen: [0].
WRAM0	-	$C203	1	wSpritePlayerStateData2XDisplacement	entry	Sprite State Data	sprites	live	The player sprite's own raw pixel offset from its tile during a step. Measured across a real playthrough (walk, a forced battle, menus): changed value, during intro; values seen: [0].
WRAM0	-	$C204	1	wSpritePlayerStateData2MapY	entry	Sprite State Data	sprites	rom,live	Map position, vertical, offset by 4 — the border blocks are counted in. Maintained for scripted objects; **not** kept up to date for the player slot in ordinary play.
WRAM0	-	$C205	1	wSpritePlayerStateData2MapX	entry	Sprite State Data	sprites	live	Map position, horizontal, offset by 4.
WRAM0	-	$C206	1	wSpritePlayerStateData2MovementByte1	entry	Sprite State Data	sprites	rom,live	The player sprite's current movement-script instruction. Measured across a real playthrough (walk, a forced battle, menus): changed value, during intro; values seen: [0].
WRAM0	-	$C207	1	wSpritePlayerStateData2GrassPriority	entry	Sprite State Data	sprites	rom,live	Whether the player sprite draws over or under the tall-grass tile beneath it. Measured across a real playthrough (walk, a forced battle, menus): changed value, during intro; values seen: [0].
WRAM0	-	$C208	1	wSpritePlayerStateData2MovementDelay	entry	Sprite State Data	sprites	live	Frames left before the player sprite's movement script advances to its next instruction. Measured across a real playthrough (walk, a forced battle, menus): changed value, during intro; values seen: [0].
WRAM0	-	$C209	4	wSpritePlayerStateData2OrigFacingDirection	entry	Sprite State Data	sprites	rom,live	The direction the player sprite was facing before its current movement instruction, restored if the instruction is a brief one (like a single look) rather than a walk. Measured across a real playthrough (walk, a forced battle, menus): changed value, during intro; values seen: [0].
WRAM0	-	$C20D	1	wSpritePlayerStateData2PictureID	instance	Sprite State Data	sprites	rom,live	
WRAM0	-	$C20E	2	wSpritePlayerStateData2ImageBaseOffset	entry	Sprite State Data	sprites	rom,live	Where in video RAM this slot's tiles were loaded. 0 makes the engine skip the slot's movement AI while still drawing it.
WRAM0	-	$C210	2	wSprite01StateData2WalkAnimationCounter	entry	Sprite State Data	sprites	rom,live	Object slot 1's own walk-animation frame counter, the sibling of `wSpritePlayerStateData2WalkAnimationCounter`. Measured across a real playthrough (walk, a forced battle, menus): changed value, during intro; values seen: [0].
WRAM0	-	$C210	2	wSprite01StateData2	instance	Sprite State Data	sprites	rom,live	
WRAM0	-	$C210	2	wSpritePlayerStateData2End	instance	Sprite State Data	sprites	rom,live	
WRAM0	-	$C212	1	wSprite01StateData2YDisplacement	entry	Sprite State Data	sprites	rom,live	Object slot 1's raw pixel offset from its tile during a step. Measured across a real playthrough (walk, a forced battle, menus): written from bank 28 `$00B6`, during intro, walk/menus; values seen: [0, 8].
WRAM0	-	$C213	1	wSprite01StateData2XDisplacement	entry	Sprite State Data	sprites	live	Object slot 1's raw pixel offset from its tile during a step. Measured across a real playthrough (walk, a forced battle, menus): written from bank 28 `$00B6`, during intro, walk/menus; values seen: [0, 8].
WRAM0	-	$C214	1	wSprite01StateData2MapY	entry	Sprite State Data	sprites	rom,live	Map position of map object 1, vertical, offset by 4 — the map's object list stores the coordinate plus four, and the border blocks are what the four counts.
WRAM0	-	$C215	1	wSprite01StateData2MapX	entry	Sprite State Data	sprites	rom,live	Map position of map object 1, horizontal, offset by 4.
WRAM0	-	$C216	1	wSprite01StateData2MovementByte1	entry	Sprite State Data	sprites	live	Object slot 1's current movement-script instruction. Measured across a real playthrough (walk, a forced battle, menus): written from bank 28 `$00B6`, during intro; values seen: [0, 255].
WRAM0	-	$C217	1	wSprite01StateData2GrassPriority	entry	Sprite State Data	sprites	rom,live	Whether object slot 1 draws over or under the tall-grass tile beneath it. Measured across a real playthrough (walk, a forced battle, menus): changed value, during intro; values seen: [0].
WRAM0	-	$C218	1	wSprite01StateData2MovementDelay	entry	Sprite State Data	sprites	live	Frames left before object slot 1's movement script advances. Measured across a real playthrough (walk, a forced battle, menus): written from 3 places, chiefly bank 1 `$5069`, during intro, walk/menus; 88 distinct values seen, 0-126.
WRAM0	-	$C219	4	wSprite01StateData2OrigFacingDirection	entry	Sprite State Data	sprites	rom,live	The direction object slot 1 was facing before its current movement instruction. Measured across a real playthrough (walk, a forced battle, menus): changed value, during intro; values seen: [0].
WRAM0	-	$C21D	1	wSprite01StateData2PictureID	instance	Sprite State Data	sprites	rom,live	
WRAM0	-	$C21E	2	wSprite01StateData2ImageBaseOffset	entry	Sprite State Data	sprites	rom,live	Where in video RAM map object 1's tiles were loaded. **Zero makes the engine skip the slot's movement handling entirely** — no walking, no visibility cull — while the drawing pass, which looks only at `PictureID`, still puts it on screen.
WRAM0	-	$C220	2	wSprite01StateData2End	instance	Sprite State Data	sprites	rom,live	
WRAM0	-	$C220	2	wSprite02StateData2	instance	Sprite State Data	sprites	rom,live	
WRAM0	-	$C220	2	wSprite02StateData2WalkAnimationCounter	instance	Sprite State Data	sprites	rom,live	
WRAM0	-	$C222	1	wSprite02StateData2YDisplacement	instance	Sprite State Data	sprites	live	
WRAM0	-	$C223	1	wSprite02StateData2XDisplacement	instance	Sprite State Data	sprites	live	
WRAM0	-	$C224	1	wSprite02StateData2MapY	instance	Sprite State Data	sprites	live	
WRAM0	-	$C225	1	wSprite02StateData2MapX	instance	Sprite State Data	sprites	live	
WRAM0	-	$C226	1	wSprite02StateData2MovementByte1	instance	Sprite State Data	sprites	live	
WRAM0	-	$C227	1	wSprite02StateData2GrassPriority	instance	Sprite State Data	sprites	live	
WRAM0	-	$C228	1	wSprite02StateData2MovementDelay	instance	Sprite State Data	sprites	live	
WRAM0	-	$C229	4	wSprite02StateData2OrigFacingDirection	instance	Sprite State Data	sprites	live	
WRAM0	-	$C22D	1	wSprite02StateData2PictureID	instance	Sprite State Data	sprites	live	
WRAM0	-	$C22E	2	wSprite02StateData2ImageBaseOffset	instance	Sprite State Data	sprites	live	
WRAM0	-	$C230	2	wSprite02StateData2End	instance	Sprite State Data	sprites	rom,live	
WRAM0	-	$C230	2	wSprite03StateData2	instance	Sprite State Data	sprites	rom,live	
WRAM0	-	$C230	2	wSprite03StateData2WalkAnimationCounter	instance	Sprite State Data	sprites	rom,live	
WRAM0	-	$C232	1	wSprite03StateData2YDisplacement	instance	Sprite State Data	sprites	live	
WRAM0	-	$C233	1	wSprite03StateData2XDisplacement	instance	Sprite State Data	sprites	live	
WRAM0	-	$C234	1	wSprite03StateData2MapY	instance	Sprite State Data	sprites	rom,live	
WRAM0	-	$C235	1	wSprite03StateData2MapX	instance	Sprite State Data	sprites	rom,live	
WRAM0	-	$C236	1	wSprite03StateData2MovementByte1	instance	Sprite State Data	sprites	live	
WRAM0	-	$C237	1	wSprite03StateData2GrassPriority	instance	Sprite State Data	sprites	live	
WRAM0	-	$C238	1	wSprite03StateData2MovementDelay	instance	Sprite State Data	sprites	live	
WRAM0	-	$C239	4	wSprite03StateData2OrigFacingDirection	instance	Sprite State Data	sprites	live	
WRAM0	-	$C23D	1	wSprite03StateData2PictureID	instance	Sprite State Data	sprites	live	
WRAM0	-	$C23E	2	wSprite03StateData2ImageBaseOffset	instance	Sprite State Data	sprites	live	
WRAM0	-	$C240	2	wSprite03StateData2End	instance	Sprite State Data	sprites	rom,live	
WRAM0	-	$C240	2	wSprite04StateData2	instance	Sprite State Data	sprites	rom,live	
WRAM0	-	$C240	2	wSprite04StateData2WalkAnimationCounter	instance	Sprite State Data	sprites	rom,live	
WRAM0	-	$C242	1	wSprite04StateData2YDisplacement	instance	Sprite State Data	sprites	live	
WRAM0	-	$C243	1	wSprite04StateData2XDisplacement	instance	Sprite State Data	sprites	rom,live	
WRAM0	-	$C244	1	wSprite04StateData2MapY	instance	Sprite State Data	sprites	live	
WRAM0	-	$C245	1	wSprite04StateData2MapX	instance	Sprite State Data	sprites	live	
WRAM0	-	$C246	1	wSprite04StateData2MovementByte1	instance	Sprite State Data	sprites	live	
WRAM0	-	$C247	1	wSprite04StateData2GrassPriority	instance	Sprite State Data	sprites	live	
WRAM0	-	$C248	1	wSprite04StateData2MovementDelay	instance	Sprite State Data	sprites	live	
WRAM0	-	$C249	4	wSprite04StateData2OrigFacingDirection	instance	Sprite State Data	sprites	live	
WRAM0	-	$C24D	1	wSprite04StateData2PictureID	instance	Sprite State Data	sprites	live	
WRAM0	-	$C24E	2	wSprite04StateData2ImageBaseOffset	instance	Sprite State Data	sprites	live	
WRAM0	-	$C250	2	wSprite04StateData2End	instance	Sprite State Data	sprites	rom,live	
WRAM0	-	$C250	2	wSprite05StateData2	instance	Sprite State Data	sprites	rom,live	
WRAM0	-	$C250	2	wSprite05StateData2WalkAnimationCounter	instance	Sprite State Data	sprites	rom,live	
WRAM0	-	$C252	1	wSprite05StateData2YDisplacement	instance	Sprite State Data	sprites	live	
WRAM0	-	$C253	1	wSprite05StateData2XDisplacement	instance	Sprite State Data	sprites	rom,live	
WRAM0	-	$C254	1	wSprite05StateData2MapY	instance	Sprite State Data	sprites	rom,live	
WRAM0	-	$C255	1	wSprite05StateData2MapX	instance	Sprite State Data	sprites	live	
WRAM0	-	$C256	1	wSprite05StateData2MovementByte1	instance	Sprite State Data	sprites	rom,live	
WRAM0	-	$C257	1	wSprite05StateData2GrassPriority	instance	Sprite State Data	sprites	live	
WRAM0	-	$C258	1	wSprite05StateData2MovementDelay	instance	Sprite State Data	sprites	rom,live	
WRAM0	-	$C259	4	wSprite05StateData2OrigFacingDirection	instance	Sprite State Data	sprites	live	
WRAM0	-	$C25D	1	wSprite05StateData2PictureID	instance	Sprite State Data	sprites	live	
WRAM0	-	$C25E	2	wSprite05StateData2ImageBaseOffset	instance	Sprite State Data	sprites	live	
WRAM0	-	$C260	2	wSprite05StateData2End	instance	Sprite State Data	sprites	rom,live	
WRAM0	-	$C260	2	wSprite06StateData2	instance	Sprite State Data	sprites	rom,live	
WRAM0	-	$C260	2	wSprite06StateData2WalkAnimationCounter	instance	Sprite State Data	sprites	rom,live	
WRAM0	-	$C262	1	wSprite06StateData2YDisplacement	instance	Sprite State Data	sprites	rom,live	
WRAM0	-	$C263	1	wSprite06StateData2XDisplacement	instance	Sprite State Data	sprites	live	
WRAM0	-	$C264	1	wSprite06StateData2MapY	instance	Sprite State Data	sprites	live	
WRAM0	-	$C265	1	wSprite06StateData2MapX	instance	Sprite State Data	sprites	live	
WRAM0	-	$C266	1	wSprite06StateData2MovementByte1	instance	Sprite State Data	sprites	live	
WRAM0	-	$C267	1	wSprite06StateData2GrassPriority	instance	Sprite State Data	sprites	live	
WRAM0	-	$C268	1	wSprite06StateData2MovementDelay	instance	Sprite State Data	sprites	live	
WRAM0	-	$C269	4	wSprite06StateData2OrigFacingDirection	instance	Sprite State Data	sprites	live	
WRAM0	-	$C26D	1	wSprite06StateData2PictureID	instance	Sprite State Data	sprites	live	
WRAM0	-	$C26E	2	wSprite06StateData2ImageBaseOffset	instance	Sprite State Data	sprites	live	
WRAM0	-	$C270	2	wSprite06StateData2End	instance	Sprite State Data	sprites	rom,live	
WRAM0	-	$C270	2	wSprite07StateData2	instance	Sprite State Data	sprites	rom,live	
WRAM0	-	$C270	2	wSprite07StateData2WalkAnimationCounter	instance	Sprite State Data	sprites	rom,live	
WRAM0	-	$C272	1	wSprite07StateData2YDisplacement	instance	Sprite State Data	sprites	live	
WRAM0	-	$C273	1	wSprite07StateData2XDisplacement	instance	Sprite State Data	sprites	live	
WRAM0	-	$C274	1	wSprite07StateData2MapY	instance	Sprite State Data	sprites	live	
WRAM0	-	$C275	1	wSprite07StateData2MapX	instance	Sprite State Data	sprites	live	
WRAM0	-	$C276	1	wSprite07StateData2MovementByte1	instance	Sprite State Data	sprites	live	
WRAM0	-	$C277	1	wSprite07StateData2GrassPriority	instance	Sprite State Data	sprites	live	
WRAM0	-	$C278	1	wSprite07StateData2MovementDelay	instance	Sprite State Data	sprites	live	
WRAM0	-	$C279	4	wSprite07StateData2OrigFacingDirection	instance	Sprite State Data	sprites	live	
WRAM0	-	$C27D	1	wSprite07StateData2PictureID	instance	Sprite State Data	sprites	live	
WRAM0	-	$C27E	2	wSprite07StateData2ImageBaseOffset	instance	Sprite State Data	sprites	live	
WRAM0	-	$C280	2	wSprite07StateData2End	instance	Sprite State Data	sprites	rom,live	
WRAM0	-	$C280	2	wSprite08StateData2	instance	Sprite State Data	sprites	rom,live	
WRAM0	-	$C280	2	wSprite08StateData2WalkAnimationCounter	instance	Sprite State Data	sprites	rom,live	
WRAM0	-	$C282	1	wSprite08StateData2YDisplacement	instance	Sprite State Data	sprites	rom,live	
WRAM0	-	$C283	1	wSprite08StateData2XDisplacement	instance	Sprite State Data	sprites	live	
WRAM0	-	$C284	1	wSprite08StateData2MapY	instance	Sprite State Data	sprites	live	
WRAM0	-	$C285	1	wSprite08StateData2MapX	instance	Sprite State Data	sprites	live	
WRAM0	-	$C286	1	wSprite08StateData2MovementByte1	instance	Sprite State Data	sprites	live	
WRAM0	-	$C287	1	wSprite08StateData2GrassPriority	instance	Sprite State Data	sprites	live	
WRAM0	-	$C288	1	wSprite08StateData2MovementDelay	instance	Sprite State Data	sprites	live	
WRAM0	-	$C289	4	wSprite08StateData2OrigFacingDirection	instance	Sprite State Data	sprites	live	
WRAM0	-	$C28D	1	wSprite08StateData2PictureID	instance	Sprite State Data	sprites	live	
WRAM0	-	$C28E	2	wSprite08StateData2ImageBaseOffset	instance	Sprite State Data	sprites	live	
WRAM0	-	$C290	2	wSprite08StateData2End	instance	Sprite State Data	sprites	rom,live	
WRAM0	-	$C290	2	wSprite09StateData2	instance	Sprite State Data	sprites	rom,live	
WRAM0	-	$C290	2	wSprite09StateData2WalkAnimationCounter	instance	Sprite State Data	sprites	rom,live	
WRAM0	-	$C292	1	wSprite09StateData2YDisplacement	instance	Sprite State Data	sprites	rom,live	
WRAM0	-	$C293	1	wSprite09StateData2XDisplacement	instance	Sprite State Data	sprites	live	
WRAM0	-	$C294	1	wSprite09StateData2MapY	instance	Sprite State Data	sprites	rom,live	
WRAM0	-	$C295	1	wSprite09StateData2MapX	instance	Sprite State Data	sprites	live	
WRAM0	-	$C296	1	wSprite09StateData2MovementByte1	instance	Sprite State Data	sprites	live	
WRAM0	-	$C297	1	wSprite09StateData2GrassPriority	instance	Sprite State Data	sprites	live	
WRAM0	-	$C298	1	wSprite09StateData2MovementDelay	instance	Sprite State Data	sprites	live	
WRAM0	-	$C299	4	wSprite09StateData2OrigFacingDirection	instance	Sprite State Data	sprites	live	
WRAM0	-	$C29D	1	wSprite09StateData2PictureID	instance	Sprite State Data	sprites	live	
WRAM0	-	$C29E	2	wSprite09StateData2ImageBaseOffset	instance	Sprite State Data	sprites	live	
WRAM0	-	$C2A0	2	wSprite09StateData2End	instance	Sprite State Data	sprites	live	
WRAM0	-	$C2A0	2	wSprite10StateData2	instance	Sprite State Data	sprites	live	
WRAM0	-	$C2A0	2	wSprite10StateData2WalkAnimationCounter	instance	Sprite State Data	sprites	live	
WRAM0	-	$C2A2	1	wSprite10StateData2YDisplacement	instance	Sprite State Data	sprites	live	
WRAM0	-	$C2A3	1	wSprite10StateData2XDisplacement	instance	Sprite State Data	sprites	live	
WRAM0	-	$C2A4	1	wSprite10StateData2MapY	instance	Sprite State Data	sprites	live	
WRAM0	-	$C2A5	1	wSprite10StateData2MapX	instance	Sprite State Data	sprites	live	
WRAM0	-	$C2A6	1	wSprite10StateData2MovementByte1	instance	Sprite State Data	sprites	live	
WRAM0	-	$C2A7	1	wSprite10StateData2GrassPriority	instance	Sprite State Data	sprites	rom,live	
WRAM0	-	$C2A8	1	wSprite10StateData2MovementDelay	instance	Sprite State Data	sprites	rom,live	
WRAM0	-	$C2A9	4	wSprite10StateData2OrigFacingDirection	instance	Sprite State Data	sprites	live	
WRAM0	-	$C2AD	1	wSprite10StateData2PictureID	instance	Sprite State Data	sprites	live	
WRAM0	-	$C2AE	2	wSprite10StateData2ImageBaseOffset	instance	Sprite State Data	sprites	live	
WRAM0	-	$C2B0	2	wSprite10StateData2End	instance	Sprite State Data	sprites	rom,live	
WRAM0	-	$C2B0	2	wSprite11StateData2	instance	Sprite State Data	sprites	rom,live	
WRAM0	-	$C2B0	2	wSprite11StateData2WalkAnimationCounter	instance	Sprite State Data	sprites	rom,live	
WRAM0	-	$C2B2	1	wSprite11StateData2YDisplacement	instance	Sprite State Data	sprites	rom,live	
WRAM0	-	$C2B3	1	wSprite11StateData2XDisplacement	instance	Sprite State Data	sprites	live	
WRAM0	-	$C2B4	1	wSprite11StateData2MapY	instance	Sprite State Data	sprites	live	
WRAM0	-	$C2B5	1	wSprite11StateData2MapX	instance	Sprite State Data	sprites		
WRAM0	-	$C2B6	1	wSprite11StateData2MovementByte1	instance	Sprite State Data	sprites	live	
WRAM0	-	$C2B7	1	wSprite11StateData2GrassPriority	instance	Sprite State Data	sprites	live	
WRAM0	-	$C2B8	1	wSprite11StateData2MovementDelay	instance	Sprite State Data	sprites	rom,live	
WRAM0	-	$C2B9	4	wSprite11StateData2OrigFacingDirection	instance	Sprite State Data	sprites	live	
WRAM0	-	$C2BD	1	wSprite11StateData2PictureID	instance	Sprite State Data	sprites	live	
WRAM0	-	$C2BE	2	wSprite11StateData2ImageBaseOffset	instance	Sprite State Data	sprites	live	
WRAM0	-	$C2C0	2	wSprite11StateData2End	instance	Sprite State Data	sprites	rom,live	
WRAM0	-	$C2C0	2	wSprite12StateData2	instance	Sprite State Data	sprites	rom,live	
WRAM0	-	$C2C0	2	wSprite12StateData2WalkAnimationCounter	instance	Sprite State Data	sprites	rom,live	
WRAM0	-	$C2C2	1	wSprite12StateData2YDisplacement	instance	Sprite State Data	sprites	rom,live	
WRAM0	-	$C2C3	1	wSprite12StateData2XDisplacement	instance	Sprite State Data	sprites	live	
WRAM0	-	$C2C4	1	wSprite12StateData2MapY	instance	Sprite State Data	sprites	live	
WRAM0	-	$C2C5	1	wSprite12StateData2MapX	instance	Sprite State Data	sprites	live	
WRAM0	-	$C2C6	1	wSprite12StateData2MovementByte1	instance	Sprite State Data	sprites	live	
WRAM0	-	$C2C7	1	wSprite12StateData2GrassPriority	instance	Sprite State Data	sprites	live	
WRAM0	-	$C2C8	1	wSprite12StateData2MovementDelay	instance	Sprite State Data	sprites	rom,live	
WRAM0	-	$C2C9	4	wSprite12StateData2OrigFacingDirection	instance	Sprite State Data	sprites	live	
WRAM0	-	$C2CD	1	wSprite12StateData2PictureID	instance	Sprite State Data	sprites	rom,live	
WRAM0	-	$C2CE	2	wSprite12StateData2ImageBaseOffset	instance	Sprite State Data	sprites	live	
WRAM0	-	$C2D0	2	wSprite12StateData2End	instance	Sprite State Data	sprites	live	
WRAM0	-	$C2D0	2	wSprite13StateData2	instance	Sprite State Data	sprites	live	
WRAM0	-	$C2D0	2	wSprite13StateData2WalkAnimationCounter	instance	Sprite State Data	sprites	live	
WRAM0	-	$C2D2	1	wSprite13StateData2YDisplacement	instance	Sprite State Data	sprites	live	
WRAM0	-	$C2D3	1	wSprite13StateData2XDisplacement	instance	Sprite State Data	sprites	live	
WRAM0	-	$C2D4	1	wSprite13StateData2MapY	instance	Sprite State Data	sprites	live	
WRAM0	-	$C2D5	1	wSprite13StateData2MapX	instance	Sprite State Data	sprites	live	
WRAM0	-	$C2D6	1	wSprite13StateData2MovementByte1	instance	Sprite State Data	sprites	live	
WRAM0	-	$C2D7	1	wSprite13StateData2GrassPriority	instance	Sprite State Data	sprites	live	
WRAM0	-	$C2D8	1	wSprite13StateData2MovementDelay	instance	Sprite State Data	sprites	rom,live	
WRAM0	-	$C2D9	4	wSprite13StateData2OrigFacingDirection	instance	Sprite State Data	sprites	live	
WRAM0	-	$C2DD	1	wSprite13StateData2PictureID	instance	Sprite State Data	sprites	live	
WRAM0	-	$C2DE	2	wSprite13StateData2ImageBaseOffset	instance	Sprite State Data	sprites	rom,live	
WRAM0	-	$C2E0	2	wSprite13StateData2End	instance	Sprite State Data	sprites	live	
WRAM0	-	$C2E0	2	wSprite14StateData2	instance	Sprite State Data	sprites	live	
WRAM0	-	$C2E0	2	wSprite14StateData2WalkAnimationCounter	instance	Sprite State Data	sprites	live	
WRAM0	-	$C2E2	1	wSprite14StateData2YDisplacement	instance	Sprite State Data	sprites	live	
WRAM0	-	$C2E3	1	wSprite14StateData2XDisplacement	instance	Sprite State Data	sprites	live	
WRAM0	-	$C2E4	1	wSprite14StateData2MapY	instance	Sprite State Data	sprites	live	
WRAM0	-	$C2E5	1	wSprite14StateData2MapX	instance	Sprite State Data	sprites	live	
WRAM0	-	$C2E6	1	wSprite14StateData2MovementByte1	instance	Sprite State Data	sprites	live	
WRAM0	-	$C2E7	1	wSprite14StateData2GrassPriority	instance	Sprite State Data	sprites	live	
WRAM0	-	$C2E8	1	wSprite14StateData2MovementDelay	instance	Sprite State Data	sprites	live	
WRAM0	-	$C2E9	4	wSprite14StateData2OrigFacingDirection	instance	Sprite State Data	sprites	live	
WRAM0	-	$C2ED	1	wSprite14StateData2PictureID	instance	Sprite State Data	sprites	live	
WRAM0	-	$C2EE	2	wSprite14StateData2ImageBaseOffset	instance	Sprite State Data	sprites	live	
WRAM0	-	$C2F0	2	wSprite14StateData2End	instance	Sprite State Data	sprites	live	
WRAM0	-	$C2F0	2	wSprite15StateData2	instance	Sprite State Data	sprites	live	
WRAM0	-	$C2F0	2	wSprite15StateData2WalkAnimationCounter	instance	Sprite State Data	sprites	live	
WRAM0	-	$C2F2	1	wSprite15StateData2YDisplacement	instance	Sprite State Data	sprites	live	
WRAM0	-	$C2F3	1	wSprite15StateData2XDisplacement	instance	Sprite State Data	sprites	live	
WRAM0	-	$C2F4	1	wSprite15StateData2MapY	instance	Sprite State Data	sprites	live	
WRAM0	-	$C2F5	1	wSprite15StateData2MapX	instance	Sprite State Data	sprites	live	
WRAM0	-	$C2F6	1	wSprite15StateData2MovementByte1	instance	Sprite State Data	sprites	live	
WRAM0	-	$C2F7	1	wSprite15StateData2GrassPriority	instance	Sprite State Data	sprites	live	
WRAM0	-	$C2F8	1	wSprite15StateData2MovementDelay	instance	Sprite State Data	sprites	live	
WRAM0	-	$C2F9	4	wSprite15StateData2OrigFacingDirection	instance	Sprite State Data	sprites	live	
WRAM0	-	$C2FD	1	wSprite15StateData2PictureID	instance	Sprite State Data	sprites	live	
WRAM0	-	$C2FE	2	wSprite15StateData2ImageBaseOffset	instance	Sprite State Data	sprites	rom,live	
WRAM0	-	$C300	1	wShadowOAMSprite00YCoord	entry	OAM Buffer	sprites	rom,live	Screen y of object entry 0, offset by 16. `$A0` parks an entry off the bottom of the screen, and it is the byte that floods `wTileMap` when the buffer overruns.
WRAM0	-	$C300	0	wSpriteDataEnd	entry	Sprite State Data	sprites	rom,live	One past the sprite state.
WRAM0	-	$C300	1	wShadowOAM	alias	OAM Buffer	sprites	rom,live	The 40-entry object buffer the game rebuilds every frame and copies to the hardware — four bytes each: y, x, tile id, attributes. **Never write it directly**; the sprite structures above are where a change belongs. Its end is `wTileMap`, and the two being adjacent is a fault the cartridge can fall through.
WRAM0	-	$C300	1	wShadowOAMSprite00	alias	OAM Buffer	sprites	rom,live	Object entry 0: the four bytes y, x, tile id, attributes.
WRAM0	-	$C300	0	wSprite15StateData2End	instance	Sprite State Data	sprites	rom,live	
WRAM0	-	$C301	1	wShadowOAMSprite00XCoord	entry	OAM Buffer	sprites	rom,live	Screen x of object entry 0, offset by 8.
WRAM0	-	$C302	1	wShadowOAMSprite00TileID	entry	OAM Buffer	sprites	rom,live	Which tile object entry 0 draws.
WRAM0	-	$C303	1	wShadowOAMSprite00Attributes	entry	OAM Buffer	sprites	live	Palette, flip and priority bits for object entry 0.
WRAM0	-	$C304	1	wShadowOAMSprite01YCoord	entry	OAM Buffer	sprites	rom,live	Screen y of object entry 1.
WRAM0	-	$C304	1	wShadowOAMSprite01	alias	OAM Buffer	sprites	rom,live	Object entry 1, the same four bytes.
WRAM0	-	$C305	1	wShadowOAMSprite01XCoord	entry	OAM Buffer	sprites	live	Screen x of object entry 1.
WRAM0	-	$C306	1	wShadowOAMSprite01TileID	entry	OAM Buffer	sprites	rom,live	Which tile object entry 1 draws.
WRAM0	-	$C307	1	wShadowOAMSprite01Attributes	entry	OAM Buffer	sprites	live	Attributes for object entry 1.
WRAM0	-	$C308	1	wShadowOAMSprite02	instance	OAM Buffer	sprites	rom,live	
WRAM0	-	$C308	1	wShadowOAMSprite02YCoord	instance	OAM Buffer	sprites	rom,live	
WRAM0	-	$C309	1	wShadowOAMSprite02XCoord	instance	OAM Buffer	sprites	rom,live	
WRAM0	-	$C30A	1	wShadowOAMSprite02TileID	instance	OAM Buffer	sprites	rom,live	
WRAM0	-	$C30B	1	wShadowOAMSprite02Attributes	instance	OAM Buffer	sprites	live	
WRAM0	-	$C30C	1	wShadowOAMSprite03	instance	OAM Buffer	sprites	rom,live	
WRAM0	-	$C30C	1	wShadowOAMSprite03YCoord	instance	OAM Buffer	sprites	rom,live	
WRAM0	-	$C30D	1	wShadowOAMSprite03XCoord	instance	OAM Buffer	sprites	live	
WRAM0	-	$C30E	1	wShadowOAMSprite03TileID	instance	OAM Buffer	sprites	rom,live	
WRAM0	-	$C30F	1	wShadowOAMSprite03Attributes	instance	OAM Buffer	sprites	live	
WRAM0	-	$C310	1	wShadowOAMSprite04	instance	OAM Buffer	sprites	rom,live	
WRAM0	-	$C310	1	wShadowOAMSprite04YCoord	instance	OAM Buffer	sprites	rom,live	
WRAM0	-	$C311	1	wShadowOAMSprite04XCoord	instance	OAM Buffer	sprites	rom,live	
WRAM0	-	$C312	1	wShadowOAMSprite04TileID	instance	OAM Buffer	sprites	rom,live	
WRAM0	-	$C313	1	wShadowOAMSprite04Attributes	instance	OAM Buffer	sprites	live	
WRAM0	-	$C314	1	wShadowOAMSprite05	instance	OAM Buffer	sprites	rom,live	
WRAM0	-	$C314	1	wShadowOAMSprite05YCoord	instance	OAM Buffer	sprites	rom,live	
WRAM0	-	$C315	1	wShadowOAMSprite05XCoord	instance	OAM Buffer	sprites	rom,live	
WRAM0	-	$C316	1	wShadowOAMSprite05TileID	instance	OAM Buffer	sprites	live	
WRAM0	-	$C317	1	wShadowOAMSprite05Attributes	instance	OAM Buffer	sprites	live	
WRAM0	-	$C318	1	wShadowOAMSprite06	instance	OAM Buffer	sprites	rom,live	
WRAM0	-	$C318	1	wShadowOAMSprite06YCoord	instance	OAM Buffer	sprites	rom,live	
WRAM0	-	$C319	1	wShadowOAMSprite06XCoord	instance	OAM Buffer	sprites	live	
WRAM0	-	$C31A	1	wShadowOAMSprite06TileID	instance	OAM Buffer	sprites	live	
WRAM0	-	$C31B	1	wShadowOAMSprite06Attributes	instance	OAM Buffer	sprites	live	
WRAM0	-	$C31C	1	wShadowOAMSprite07	instance	OAM Buffer	sprites	rom,live	
WRAM0	-	$C31C	1	wShadowOAMSprite07YCoord	instance	OAM Buffer	sprites	rom,live	
WRAM0	-	$C31D	1	wShadowOAMSprite07XCoord	instance	OAM Buffer	sprites	live	
WRAM0	-	$C31E	1	wShadowOAMSprite07TileID	instance	OAM Buffer	sprites	rom,live	
WRAM0	-	$C31F	1	wShadowOAMSprite07Attributes	instance	OAM Buffer	sprites	live	
WRAM0	-	$C320	1	wShadowOAMSprite08	instance	OAM Buffer	sprites	rom,live	
WRAM0	-	$C320	1	wShadowOAMSprite08YCoord	instance	OAM Buffer	sprites	rom,live	
WRAM0	-	$C321	1	wShadowOAMSprite08XCoord	instance	OAM Buffer	sprites	rom,live	
WRAM0	-	$C322	1	wShadowOAMSprite08TileID	instance	OAM Buffer	sprites	rom,live	
WRAM0	-	$C323	1	wShadowOAMSprite08Attributes	instance	OAM Buffer	sprites	live	
WRAM0	-	$C324	1	wShadowOAMSprite09	instance	OAM Buffer	sprites	live	
WRAM0	-	$C324	1	wShadowOAMSprite09YCoord	instance	OAM Buffer	sprites	live	
WRAM0	-	$C325	1	wShadowOAMSprite09XCoord	instance	OAM Buffer	sprites	live	
WRAM0	-	$C326	1	wShadowOAMSprite09TileID	instance	OAM Buffer	sprites	live	
WRAM0	-	$C327	1	wShadowOAMSprite09Attributes	instance	OAM Buffer	sprites	rom,live	
WRAM0	-	$C328	1	wShadowOAMSprite10	instance	OAM Buffer	sprites	rom,live	
WRAM0	-	$C328	1	wShadowOAMSprite10YCoord	instance	OAM Buffer	sprites	rom,live	
WRAM0	-	$C329	1	wShadowOAMSprite10XCoord	instance	OAM Buffer	sprites	live	
WRAM0	-	$C32A	1	wShadowOAMSprite10TileID	instance	OAM Buffer	sprites	live	
WRAM0	-	$C32B	1	wShadowOAMSprite10Attributes	instance	OAM Buffer	sprites	live	
WRAM0	-	$C32C	1	wShadowOAMSprite11	instance	OAM Buffer	sprites	live	
WRAM0	-	$C32C	1	wShadowOAMSprite11YCoord	instance	OAM Buffer	sprites	live	
WRAM0	-	$C32D	1	wShadowOAMSprite11XCoord	instance	OAM Buffer	sprites	live	
WRAM0	-	$C32E	1	wShadowOAMSprite11TileID	instance	OAM Buffer	sprites	live	
WRAM0	-	$C32F	1	wShadowOAMSprite11Attributes	instance	OAM Buffer	sprites	live	
WRAM0	-	$C330	1	wShadowOAMSprite12	instance	OAM Buffer	sprites	rom,live	
WRAM0	-	$C330	1	wShadowOAMSprite12YCoord	instance	OAM Buffer	sprites	rom,live	
WRAM0	-	$C331	1	wShadowOAMSprite12XCoord	instance	OAM Buffer	sprites	rom,live	
WRAM0	-	$C332	1	wShadowOAMSprite12TileID	instance	OAM Buffer	sprites	rom,live	
WRAM0	-	$C333	1	wShadowOAMSprite12Attributes	instance	OAM Buffer	sprites	live	
WRAM0	-	$C334	1	wShadowOAMSprite13	instance	OAM Buffer	sprites	rom,live	
WRAM0	-	$C334	1	wShadowOAMSprite13YCoord	instance	OAM Buffer	sprites	rom,live	
WRAM0	-	$C335	1	wShadowOAMSprite13XCoord	instance	OAM Buffer	sprites	live	
WRAM0	-	$C336	1	wShadowOAMSprite13TileID	instance	OAM Buffer	sprites	live	
WRAM0	-	$C337	1	wShadowOAMSprite13Attributes	instance	OAM Buffer	sprites	rom,live	
WRAM0	-	$C338	1	wShadowOAMSprite14	instance	OAM Buffer	sprites	live	
WRAM0	-	$C338	1	wShadowOAMSprite14YCoord	instance	OAM Buffer	sprites	live	
WRAM0	-	$C339	1	wShadowOAMSprite14XCoord	instance	OAM Buffer	sprites	live	
WRAM0	-	$C33A	1	wShadowOAMSprite14TileID	instance	OAM Buffer	sprites	live	
WRAM0	-	$C33B	1	wShadowOAMSprite14Attributes	instance	OAM Buffer	sprites	live	
WRAM0	-	$C33C	1	wShadowOAMSprite15	instance	OAM Buffer	sprites	rom,live	
WRAM0	-	$C33C	1	wShadowOAMSprite15YCoord	instance	OAM Buffer	sprites	rom,live	
WRAM0	-	$C33D	1	wShadowOAMSprite15XCoord	instance	OAM Buffer	sprites	rom,live	
WRAM0	-	$C33E	1	wShadowOAMSprite15TileID	instance	OAM Buffer	sprites	live	
WRAM0	-	$C33F	1	wShadowOAMSprite15Attributes	instance	OAM Buffer	sprites	rom,live	
WRAM0	-	$C340	1	wShadowOAMSprite16	instance	OAM Buffer	sprites	live	
WRAM0	-	$C340	1	wShadowOAMSprite16YCoord	instance	OAM Buffer	sprites	live	
WRAM0	-	$C341	1	wShadowOAMSprite16XCoord	instance	OAM Buffer	sprites	rom,live	
WRAM0	-	$C342	1	wShadowOAMSprite16TileID	instance	OAM Buffer	sprites	rom,live	
WRAM0	-	$C343	1	wShadowOAMSprite16Attributes	instance	OAM Buffer	sprites	rom,live	
WRAM0	-	$C344	1	wShadowOAMSprite17	instance	OAM Buffer	sprites	live	
WRAM0	-	$C344	1	wShadowOAMSprite17YCoord	instance	OAM Buffer	sprites	live	
WRAM0	-	$C345	1	wShadowOAMSprite17XCoord	instance	OAM Buffer	sprites	live	
WRAM0	-	$C346	1	wShadowOAMSprite17TileID	instance	OAM Buffer	sprites	live	
WRAM0	-	$C347	1	wShadowOAMSprite17Attributes	instance	OAM Buffer	sprites	rom,live	
WRAM0	-	$C348	1	wShadowOAMSprite18	instance	OAM Buffer	sprites	live	
WRAM0	-	$C348	1	wShadowOAMSprite18YCoord	instance	OAM Buffer	sprites	live	
WRAM0	-	$C349	1	wShadowOAMSprite18XCoord	instance	OAM Buffer	sprites	live	
WRAM0	-	$C34A	1	wShadowOAMSprite18TileID	instance	OAM Buffer	sprites	rom,live	
WRAM0	-	$C34B	1	wShadowOAMSprite18Attributes	instance	OAM Buffer	sprites	live	
WRAM0	-	$C34C	1	wShadowOAMSprite19	instance	OAM Buffer	sprites	live	
WRAM0	-	$C34C	1	wShadowOAMSprite19YCoord	instance	OAM Buffer	sprites	live	
WRAM0	-	$C34D	1	wShadowOAMSprite19XCoord	instance	OAM Buffer	sprites	rom,live	
WRAM0	-	$C34E	1	wShadowOAMSprite19TileID	instance	OAM Buffer	sprites	rom,live	
WRAM0	-	$C34F	1	wShadowOAMSprite19Attributes	instance	OAM Buffer	sprites	rom,live	
WRAM0	-	$C350	1	wShadowOAMSprite20	instance	OAM Buffer	sprites	rom,live	
WRAM0	-	$C350	1	wShadowOAMSprite20YCoord	instance	OAM Buffer	sprites	rom,live	
WRAM0	-	$C351	1	wShadowOAMSprite20XCoord	instance	OAM Buffer	sprites	rom,live	
WRAM0	-	$C352	1	wShadowOAMSprite20TileID	instance	OAM Buffer	sprites	rom,live	
WRAM0	-	$C353	1	wShadowOAMSprite20Attributes	instance	OAM Buffer	sprites	rom,live	
WRAM0	-	$C354	1	wShadowOAMSprite21	instance	OAM Buffer	sprites	rom,live	
WRAM0	-	$C354	1	wShadowOAMSprite21YCoord	instance	OAM Buffer	sprites	rom,live	
WRAM0	-	$C355	1	wShadowOAMSprite21XCoord	instance	OAM Buffer	sprites	rom,live	
WRAM0	-	$C356	1	wShadowOAMSprite21TileID	instance	OAM Buffer	sprites	rom,live	
WRAM0	-	$C357	1	wShadowOAMSprite21Attributes	instance	OAM Buffer	sprites	live	
WRAM0	-	$C358	1	wShadowOAMSprite22	instance	OAM Buffer	sprites	live	
WRAM0	-	$C358	1	wShadowOAMSprite22YCoord	instance	OAM Buffer	sprites	live	
WRAM0	-	$C359	1	wShadowOAMSprite22XCoord	instance	OAM Buffer	sprites	live	
WRAM0	-	$C35A	1	wShadowOAMSprite22TileID	instance	OAM Buffer	sprites	rom,live	
WRAM0	-	$C35B	1	wShadowOAMSprite22Attributes	instance	OAM Buffer	sprites	live	
WRAM0	-	$C35C	1	wShadowOAMSprite23	instance	OAM Buffer	sprites	rom,live	
WRAM0	-	$C35C	1	wShadowOAMSprite23YCoord	instance	OAM Buffer	sprites	rom,live	
WRAM0	-	$C35D	1	wShadowOAMSprite23XCoord	instance	OAM Buffer	sprites	rom,live	
WRAM0	-	$C35E	1	wShadowOAMSprite23TileID	instance	OAM Buffer	sprites	live	
WRAM0	-	$C35F	1	wShadowOAMSprite23Attributes	instance	OAM Buffer	sprites	live	
WRAM0	-	$C360	1	wShadowOAMSprite24	instance	OAM Buffer	sprites	rom,live	
WRAM0	-	$C360	1	wShadowOAMSprite24YCoord	instance	OAM Buffer	sprites	rom,live	
WRAM0	-	$C361	1	wShadowOAMSprite24XCoord	instance	OAM Buffer	sprites	rom,live	
WRAM0	-	$C362	1	wShadowOAMSprite24TileID	instance	OAM Buffer	sprites	rom,live	
WRAM0	-	$C363	1	wShadowOAMSprite24Attributes	instance	OAM Buffer	sprites	live	
WRAM0	-	$C364	1	wShadowOAMSprite25	instance	OAM Buffer	sprites	live	
WRAM0	-	$C364	1	wShadowOAMSprite25YCoord	instance	OAM Buffer	sprites	live	
WRAM0	-	$C365	1	wShadowOAMSprite25XCoord	instance	OAM Buffer	sprites	live	
WRAM0	-	$C366	1	wShadowOAMSprite25TileID	instance	OAM Buffer	sprites	rom,live	
WRAM0	-	$C367	1	wShadowOAMSprite25Attributes	instance	OAM Buffer	sprites	live	
WRAM0	-	$C368	1	wShadowOAMSprite26	instance	OAM Buffer	sprites	live	
WRAM0	-	$C368	1	wShadowOAMSprite26YCoord	instance	OAM Buffer	sprites	live	
WRAM0	-	$C369	1	wShadowOAMSprite26XCoord	instance	OAM Buffer	sprites	live	
WRAM0	-	$C36A	1	wShadowOAMSprite26TileID	instance	OAM Buffer	sprites	live	
WRAM0	-	$C36B	1	wShadowOAMSprite26Attributes	instance	OAM Buffer	sprites	rom,live	
WRAM0	-	$C36C	1	wShadowOAMSprite27	instance	OAM Buffer	sprites	live	
WRAM0	-	$C36C	1	wShadowOAMSprite27YCoord	instance	OAM Buffer	sprites	live	
WRAM0	-	$C36D	1	wShadowOAMSprite27XCoord	instance	OAM Buffer	sprites	live	
WRAM0	-	$C36E	1	wShadowOAMSprite27TileID	instance	OAM Buffer	sprites	live	
WRAM0	-	$C36F	1	wShadowOAMSprite27Attributes	instance	OAM Buffer	sprites	live	
WRAM0	-	$C370	1	wShadowOAMSprite28	instance	OAM Buffer	sprites	live	
WRAM0	-	$C370	1	wShadowOAMSprite28YCoord	instance	OAM Buffer	sprites	live	
WRAM0	-	$C371	1	wShadowOAMSprite28XCoord	instance	OAM Buffer	sprites	live	
WRAM0	-	$C372	1	wShadowOAMSprite28TileID	instance	OAM Buffer	sprites	live	
WRAM0	-	$C373	1	wShadowOAMSprite28Attributes	instance	OAM Buffer	sprites	live	
WRAM0	-	$C374	1	wShadowOAMSprite29	instance	OAM Buffer	sprites	live	
WRAM0	-	$C374	1	wShadowOAMSprite29YCoord	instance	OAM Buffer	sprites	live	
WRAM0	-	$C375	1	wShadowOAMSprite29XCoord	instance	OAM Buffer	sprites	live	
WRAM0	-	$C376	1	wShadowOAMSprite29TileID	instance	OAM Buffer	sprites	rom,live	
WRAM0	-	$C377	1	wShadowOAMSprite29Attributes	instance	OAM Buffer	sprites	rom,live	
WRAM0	-	$C378	1	wShadowOAMSprite30	instance	OAM Buffer	sprites	rom,live	
WRAM0	-	$C378	1	wShadowOAMSprite30YCoord	instance	OAM Buffer	sprites	rom,live	
WRAM0	-	$C379	1	wShadowOAMSprite30XCoord	instance	OAM Buffer	sprites	rom,live	
WRAM0	-	$C37A	1	wShadowOAMSprite30TileID	instance	OAM Buffer	sprites	live	
WRAM0	-	$C37B	1	wShadowOAMSprite30Attributes	instance	OAM Buffer	sprites	live	
WRAM0	-	$C37C	1	wShadowOAMSprite31	instance	OAM Buffer	sprites	live	
WRAM0	-	$C37C	1	wShadowOAMSprite31YCoord	instance	OAM Buffer	sprites	live	
WRAM0	-	$C37D	1	wShadowOAMSprite31XCoord	instance	OAM Buffer	sprites	live	
WRAM0	-	$C37E	1	wShadowOAMSprite31TileID	instance	OAM Buffer	sprites	rom,live	
WRAM0	-	$C37F	1	wShadowOAMSprite31Attributes	instance	OAM Buffer	sprites	rom,live	
WRAM0	-	$C380	1	wShadowOAMSprite32	instance	OAM Buffer	sprites	rom,live	
WRAM0	-	$C380	1	wShadowOAMSprite32YCoord	instance	OAM Buffer	sprites	rom,live	
WRAM0	-	$C381	1	wShadowOAMSprite32XCoord	instance	OAM Buffer	sprites	rom,live	
WRAM0	-	$C382	1	wShadowOAMSprite32TileID	instance	OAM Buffer	sprites	live	
WRAM0	-	$C383	1	wShadowOAMSprite32Attributes	instance	OAM Buffer	sprites	live	
WRAM0	-	$C384	1	wShadowOAMSprite33	instance	OAM Buffer	sprites	rom,live	
WRAM0	-	$C384	1	wShadowOAMSprite33YCoord	instance	OAM Buffer	sprites	rom,live	
WRAM0	-	$C385	1	wShadowOAMSprite33XCoord	instance	OAM Buffer	sprites	live	
WRAM0	-	$C386	1	wShadowOAMSprite33TileID	instance	OAM Buffer	sprites	live	
WRAM0	-	$C387	1	wShadowOAMSprite33Attributes	instance	OAM Buffer	sprites	live	
WRAM0	-	$C388	1	wShadowOAMSprite34	instance	OAM Buffer	sprites	live	
WRAM0	-	$C388	1	wShadowOAMSprite34YCoord	instance	OAM Buffer	sprites	live	
WRAM0	-	$C389	1	wShadowOAMSprite34XCoord	instance	OAM Buffer	sprites	live	
WRAM0	-	$C38A	1	wShadowOAMSprite34TileID	instance	OAM Buffer	sprites	live	
WRAM0	-	$C38B	1	wShadowOAMSprite34Attributes	instance	OAM Buffer	sprites	live	
WRAM0	-	$C38C	1	wShadowOAMSprite35	instance	OAM Buffer	sprites	live	
WRAM0	-	$C38C	1	wShadowOAMSprite35YCoord	instance	OAM Buffer	sprites	live	
WRAM0	-	$C38D	1	wShadowOAMSprite35XCoord	instance	OAM Buffer	sprites	live	
WRAM0	-	$C38E	1	wShadowOAMSprite35TileID	instance	OAM Buffer	sprites	live	
WRAM0	-	$C38F	1	wShadowOAMSprite35Attributes	instance	OAM Buffer	sprites	rom,live	
WRAM0	-	$C390	1	wShadowOAMSprite36	instance	OAM Buffer	sprites	rom,live	
WRAM0	-	$C390	1	wShadowOAMSprite36YCoord	instance	OAM Buffer	sprites	rom,live	
WRAM0	-	$C391	1	wShadowOAMSprite36XCoord	instance	OAM Buffer	sprites	rom,live	
WRAM0	-	$C392	1	wShadowOAMSprite36TileID	instance	OAM Buffer	sprites	live	
WRAM0	-	$C393	1	wShadowOAMSprite36Attributes	instance	OAM Buffer	sprites	rom,live	
WRAM0	-	$C394	1	wShadowOAMSprite37	instance	OAM Buffer	sprites	live	
WRAM0	-	$C394	1	wShadowOAMSprite37YCoord	instance	OAM Buffer	sprites	live	
WRAM0	-	$C395	1	wShadowOAMSprite37XCoord	instance	OAM Buffer	sprites	rom,live	
WRAM0	-	$C396	1	wShadowOAMSprite37TileID	instance	OAM Buffer	sprites	live	
WRAM0	-	$C397	1	wShadowOAMSprite37Attributes	instance	OAM Buffer	sprites	live	
WRAM0	-	$C398	1	wShadowOAMSprite38	instance	OAM Buffer	sprites	rom,live	
WRAM0	-	$C398	1	wShadowOAMSprite38YCoord	instance	OAM Buffer	sprites	rom,live	
WRAM0	-	$C399	1	wShadowOAMSprite38XCoord	instance	OAM Buffer	sprites	rom,live	
WRAM0	-	$C39A	1	wShadowOAMSprite38TileID	instance	OAM Buffer	sprites	rom,live	
WRAM0	-	$C39B	1	wShadowOAMSprite38Attributes	instance	OAM Buffer	sprites	live	
WRAM0	-	$C39C	1	wShadowOAMSprite39	instance	OAM Buffer	sprites	rom,live	
WRAM0	-	$C39C	1	wShadowOAMSprite39YCoord	instance	OAM Buffer	sprites	rom,live	
WRAM0	-	$C39D	1	wShadowOAMSprite39XCoord	instance	OAM Buffer	sprites	rom,live	
WRAM0	-	$C39E	1	wShadowOAMSprite39TileID	instance	OAM Buffer	sprites	live	
WRAM0	-	$C39F	1	wShadowOAMSprite39Attributes	instance	OAM Buffer	sprites	rom,live	
WRAM0	-	$C3A0	0	wShadowOAMEnd	entry	OAM Buffer	sprites	rom,live	One past the object buffer — **and it is `wTileMap`'s first byte**. `PrepareOAMData` bounds its clear loop only by comparing the low byte of its write pointer against this address, and nothing bounds the pointer at 40 entries, so a map fielding more than forty sprites walks straight past here and stamps `$A0` into the screen buffer every fourth byte for 256 bytes. A stamped tile is not walkable in any direction.
WRAM0	-	$C3A0	360	wTileMap	entry	Tilemap	screen	rom,live,inv	**The screen, and it reads back as text.** 20x18 tile ids. Gen 1 loads its font so that a tile id *is* the character code of the glyph it draws, and `PlaceString` writes character codes straight in here — so decoding this buffer with the Gen 1 charmap prints exactly what a player can see. That single property is what lets a headless test navigate menus. **Verified live**: the harness decodes it mid-play and counts letters and spaces.
WRAM0	-	$C508	1	wSerialPartyMonsPatchList	entry	Tilemap	link	rom,live	The third of the three blocks a trade exchanges: the offsets inside the party block where a byte had to be substituted, because the preamble byte `$FD` cannot appear in the data. The list is split at offset 252, which is `$FD - 1`, into one part for the Pokemon region and one for the rest.
WRAM0	-	$C508	1	wShadowOAMBackup	alias	Tilemap	link	rom,live	A copy of the shadow OAM taken before something borrows the sprite hardware, so the overworld can be restored.
WRAM0	-	$C508	1	wShadowOAMBackupSprite00	alias	Tilemap	link	rom,live	
WRAM0	-	$C508	1	wShadowOAMBackupSprite00YCoord	alias	Tilemap	link	rom,live	
WRAM0	-	$C508	1	wSurroundingTiles	alias	Tilemap	link	rom,live	The block of map tiles around the player, gathered so the collision check and the text engine can look at them without re-reading the block map.
WRAM0	-	$C508	1	wTileMapBackup	alias	Tilemap	link	rom,live	A copy of the screen taken before a menu opens, so closing it can restore what was underneath without redrawing the map.
WRAM0	-	$C509	1	wShadowOAMBackupSprite00XCoord	entry	Tilemap	sprites	live	Slot 0's screen X, in the saved copy of `wShadowOAM` this project's own battle-control save-safety check reads back against. Measured: all eight fields of both backed-up slots are written together, from the same two nearby routines (bank 25/26, `$0F39`-`$0F42`) — one saves the backup, the other restores it.
WRAM0	-	$C50A	1	wShadowOAMBackupSprite00TileID	entry	Tilemap	sprites	live	Slot 0's tile id, in the saved copy of `wShadowOAM`. Measured: all eight fields of both backed-up slots are written together, from the same two nearby routines (bank 25/26, `$0F39`-`$0F42`) — one saves the backup, the other restores it.
WRAM0	-	$C50B	1	wShadowOAMBackupSprite00Attributes	entry	Tilemap	sprites	live	Slot 0's OAM attribute byte (palette, flip, priority), in the saved copy of `wShadowOAM`. Measured: all eight fields of both backed-up slots are written together, from the same two nearby routines (bank 25/26, `$0F39`-`$0F42`) — one saves the backup, the other restores it.
WRAM0	-	$C50C	1	wShadowOAMBackupSprite01YCoord	entry	Tilemap	sprites	live	Slot 1's screen Y, in the saved copy of `wShadowOAM`. Measured: all eight fields of both backed-up slots are written together, from the same two nearby routines (bank 25/26, `$0F39`-`$0F42`) — one saves the backup, the other restores it.
WRAM0	-	$C50C	1	wShadowOAMBackupSprite01	alias	Tilemap	sprites	live	
WRAM0	-	$C50D	1	wShadowOAMBackupSprite01XCoord	entry	Tilemap	sprites	rom,live	Slot 1's screen X, in the saved copy of `wShadowOAM`. Measured: all eight fields of both backed-up slots are written together, from the same two nearby routines (bank 25/26, `$0F39`-`$0F42`) — one saves the backup, the other restores it.
WRAM0	-	$C50E	1	wShadowOAMBackupSprite01TileID	entry	Tilemap	sprites	live	Slot 1's tile id, in the saved copy of `wShadowOAM`. Measured: all eight fields of both backed-up slots are written together, from the same two nearby routines (bank 25/26, `$0F39`-`$0F42`) — one saves the backup, the other restores it.
WRAM0	-	$C50F	1	wShadowOAMBackupSprite01Attributes	entry	Tilemap	sprites	live	Slot 1's OAM attribute byte, in the saved copy of `wShadowOAM`. Measured: all eight fields of both backed-up slots are written together, from the same two nearby routines (bank 25/26, `$0F39`-`$0F42`) — one saves the backup, the other restores it.
WRAM0	-	$C510	1	wShadowOAMBackupSprite02	instance	Tilemap	sprites	rom,live	
WRAM0	-	$C510	1	wShadowOAMBackupSprite02YCoord	instance	Tilemap	sprites	rom,live	
WRAM0	-	$C511	1	wShadowOAMBackupSprite02XCoord	instance	Tilemap	sprites	live	
WRAM0	-	$C512	1	wShadowOAMBackupSprite02TileID	instance	Tilemap	sprites	rom,live	
WRAM0	-	$C513	1	wShadowOAMBackupSprite02Attributes	instance	Tilemap	sprites	live	
WRAM0	-	$C514	1	wShadowOAMBackupSprite03	instance	Tilemap	sprites	rom,live	
WRAM0	-	$C514	1	wShadowOAMBackupSprite03YCoord	instance	Tilemap	sprites	rom,live	
WRAM0	-	$C515	1	wShadowOAMBackupSprite03XCoord	instance	Tilemap	sprites	rom,live	
WRAM0	-	$C516	1	wShadowOAMBackupSprite03TileID	instance	Tilemap	sprites	live	
WRAM0	-	$C517	1	wShadowOAMBackupSprite03Attributes	instance	Tilemap	sprites	live	
WRAM0	-	$C518	1	wShadowOAMBackupSprite04	instance	Tilemap	sprites	rom,live	
WRAM0	-	$C518	1	wShadowOAMBackupSprite04YCoord	instance	Tilemap	sprites	rom,live	
WRAM0	-	$C519	1	wShadowOAMBackupSprite04XCoord	instance	Tilemap	sprites	live	
WRAM0	-	$C51A	1	wShadowOAMBackupSprite04TileID	instance	Tilemap	sprites	live	
WRAM0	-	$C51B	1	wShadowOAMBackupSprite04Attributes	instance	Tilemap	sprites	live	
WRAM0	-	$C51C	1	wShadowOAMBackupSprite05	instance	Tilemap	sprites	live	
WRAM0	-	$C51C	1	wShadowOAMBackupSprite05YCoord	instance	Tilemap	sprites	live	
WRAM0	-	$C51D	1	wShadowOAMBackupSprite05XCoord	instance	Tilemap	sprites	live	
WRAM0	-	$C51E	1	wShadowOAMBackupSprite05TileID	instance	Tilemap	sprites	live	
WRAM0	-	$C51F	1	wShadowOAMBackupSprite05Attributes	instance	Tilemap	sprites	live	
WRAM0	-	$C520	1	wShadowOAMBackupSprite06	instance	Tilemap	sprites	live	
WRAM0	-	$C520	1	wShadowOAMBackupSprite06YCoord	instance	Tilemap	sprites	live	
WRAM0	-	$C521	1	wShadowOAMBackupSprite06XCoord	instance	Tilemap	sprites	rom,live	
WRAM0	-	$C522	1	wShadowOAMBackupSprite06TileID	instance	Tilemap	sprites	live	
WRAM0	-	$C523	1	wShadowOAMBackupSprite06Attributes	instance	Tilemap	sprites	live	
WRAM0	-	$C524	1	wShadowOAMBackupSprite07	instance	Tilemap	sprites	live	
WRAM0	-	$C524	1	wShadowOAMBackupSprite07YCoord	instance	Tilemap	sprites	live	
WRAM0	-	$C525	1	wShadowOAMBackupSprite07XCoord	instance	Tilemap	sprites	live	
WRAM0	-	$C526	1	wShadowOAMBackupSprite07TileID	instance	Tilemap	sprites	live	
WRAM0	-	$C527	1	wShadowOAMBackupSprite07Attributes	instance	Tilemap	sprites	rom,live	
WRAM0	-	$C528	1	wShadowOAMBackupSprite08	instance	Tilemap	sprites	rom,live	
WRAM0	-	$C528	1	wShadowOAMBackupSprite08YCoord	instance	Tilemap	sprites	rom,live	
WRAM0	-	$C529	1	wShadowOAMBackupSprite08XCoord	instance	Tilemap	sprites	live	
WRAM0	-	$C52A	1	wShadowOAMBackupSprite08TileID	instance	Tilemap	sprites	live	
WRAM0	-	$C52B	1	wShadowOAMBackupSprite08Attributes	instance	Tilemap	sprites	live	
WRAM0	-	$C52C	1	wShadowOAMBackupSprite09	instance	Tilemap	sprites	live	
WRAM0	-	$C52C	1	wShadowOAMBackupSprite09YCoord	instance	Tilemap	sprites	live	
WRAM0	-	$C52D	1	wShadowOAMBackupSprite09XCoord	instance	Tilemap	sprites	live	
WRAM0	-	$C52E	1	wShadowOAMBackupSprite09TileID	instance	Tilemap	sprites	live	
WRAM0	-	$C52F	1	wShadowOAMBackupSprite09Attributes	instance	Tilemap	sprites	live	
WRAM0	-	$C530	1	wShadowOAMBackupSprite10	instance	Tilemap	sprites	live	
WRAM0	-	$C530	1	wShadowOAMBackupSprite10YCoord	instance	Tilemap	sprites	live	
WRAM0	-	$C531	1	wShadowOAMBackupSprite10XCoord	instance	Tilemap	sprites	live	
WRAM0	-	$C532	1	wShadowOAMBackupSprite10TileID	instance	Tilemap	sprites	live	
WRAM0	-	$C533	1	wShadowOAMBackupSprite10Attributes	instance	Tilemap	sprites	live	
WRAM0	-	$C534	1	wShadowOAMBackupSprite11	instance	Tilemap	sprites	rom,live	
WRAM0	-	$C534	1	wShadowOAMBackupSprite11YCoord	instance	Tilemap	sprites	rom,live	
WRAM0	-	$C535	1	wShadowOAMBackupSprite11XCoord	instance	Tilemap	sprites	rom,live	
WRAM0	-	$C536	1	wShadowOAMBackupSprite11TileID	instance	Tilemap	sprites	live	
WRAM0	-	$C537	1	wShadowOAMBackupSprite11Attributes	instance	Tilemap	sprites	live	
WRAM0	-	$C538	1	wShadowOAMBackupSprite12	instance	Tilemap	sprites	live	
WRAM0	-	$C538	1	wShadowOAMBackupSprite12YCoord	instance	Tilemap	sprites	live	
WRAM0	-	$C539	1	wShadowOAMBackupSprite12XCoord	instance	Tilemap	sprites	live	
WRAM0	-	$C53A	1	wShadowOAMBackupSprite12TileID	instance	Tilemap	sprites	live	
WRAM0	-	$C53B	1	wShadowOAMBackupSprite12Attributes	instance	Tilemap	sprites	live	
WRAM0	-	$C53C	1	wShadowOAMBackupSprite13	instance	Tilemap	sprites	live	
WRAM0	-	$C53C	1	wShadowOAMBackupSprite13YCoord	instance	Tilemap	sprites	live	
WRAM0	-	$C53D	1	wShadowOAMBackupSprite13XCoord	instance	Tilemap	sprites	live	
WRAM0	-	$C53E	1	wShadowOAMBackupSprite13TileID	instance	Tilemap	sprites	live	
WRAM0	-	$C53F	1	wShadowOAMBackupSprite13Attributes	instance	Tilemap	sprites	live	
WRAM0	-	$C540	1	wShadowOAMBackupSprite14	instance	Tilemap	sprites	live	
WRAM0	-	$C540	1	wShadowOAMBackupSprite14YCoord	instance	Tilemap	sprites	live	
WRAM0	-	$C541	1	wShadowOAMBackupSprite14XCoord	instance	Tilemap	sprites	live	
WRAM0	-	$C542	1	wShadowOAMBackupSprite14TileID	instance	Tilemap	sprites	live	
WRAM0	-	$C543	1	wShadowOAMBackupSprite14Attributes	instance	Tilemap	sprites	live	
WRAM0	-	$C544	1	wShadowOAMBackupSprite15	instance	Tilemap	sprites	live	
WRAM0	-	$C544	1	wShadowOAMBackupSprite15YCoord	instance	Tilemap	sprites	live	
WRAM0	-	$C545	1	wShadowOAMBackupSprite15XCoord	instance	Tilemap	sprites	live	
WRAM0	-	$C546	1	wShadowOAMBackupSprite15TileID	instance	Tilemap	sprites	live	
WRAM0	-	$C547	1	wShadowOAMBackupSprite15Attributes	instance	Tilemap	sprites	rom,live	
WRAM0	-	$C548	1	wShadowOAMBackupSprite16	instance	Tilemap	sprites	live	
WRAM0	-	$C548	1	wShadowOAMBackupSprite16YCoord	instance	Tilemap	sprites	live	
WRAM0	-	$C549	1	wShadowOAMBackupSprite16XCoord	instance	Tilemap	sprites	live	
WRAM0	-	$C54A	1	wShadowOAMBackupSprite16TileID	instance	Tilemap	sprites	live	
WRAM0	-	$C54B	1	wShadowOAMBackupSprite16Attributes	instance	Tilemap	sprites	live	
WRAM0	-	$C54C	1	wShadowOAMBackupSprite17	instance	Tilemap	sprites	live	
WRAM0	-	$C54C	1	wShadowOAMBackupSprite17YCoord	instance	Tilemap	sprites	live	
WRAM0	-	$C54D	1	wShadowOAMBackupSprite17XCoord	instance	Tilemap	sprites	live	
WRAM0	-	$C54E	1	wShadowOAMBackupSprite17TileID	instance	Tilemap	sprites	rom,live	
WRAM0	-	$C54F	1	wShadowOAMBackupSprite17Attributes	instance	Tilemap	sprites	live	
WRAM0	-	$C550	1	wShadowOAMBackupSprite18	instance	Tilemap	sprites	rom,live	
WRAM0	-	$C550	1	wShadowOAMBackupSprite18YCoord	instance	Tilemap	sprites	rom,live	
WRAM0	-	$C551	1	wShadowOAMBackupSprite18XCoord	instance	Tilemap	sprites	rom,live	
WRAM0	-	$C552	1	wShadowOAMBackupSprite18TileID	instance	Tilemap	sprites	live	
WRAM0	-	$C553	1	wShadowOAMBackupSprite18Attributes	instance	Tilemap	sprites	live	
WRAM0	-	$C554	1	wShadowOAMBackupSprite19	instance	Tilemap	sprites	live	
WRAM0	-	$C554	1	wShadowOAMBackupSprite19YCoord	instance	Tilemap	sprites	live	
WRAM0	-	$C555	1	wShadowOAMBackupSprite19XCoord	instance	Tilemap	sprites	live	
WRAM0	-	$C556	1	wShadowOAMBackupSprite19TileID	instance	Tilemap	sprites	live	
WRAM0	-	$C557	1	wShadowOAMBackupSprite19Attributes	instance	Tilemap	sprites	live	
WRAM0	-	$C558	1	wShadowOAMBackupSprite20	instance	Tilemap	sprites	live	
WRAM0	-	$C558	1	wShadowOAMBackupSprite20YCoord	instance	Tilemap	sprites	live	
WRAM0	-	$C559	1	wShadowOAMBackupSprite20XCoord	instance	Tilemap	sprites	live	
WRAM0	-	$C55A	1	wShadowOAMBackupSprite20TileID	instance	Tilemap	sprites	live	
WRAM0	-	$C55B	1	wShadowOAMBackupSprite20Attributes	instance	Tilemap	sprites	live	
WRAM0	-	$C55C	1	wShadowOAMBackupSprite21	instance	Tilemap	sprites	live	
WRAM0	-	$C55C	1	wShadowOAMBackupSprite21YCoord	instance	Tilemap	sprites	live	
WRAM0	-	$C55D	1	wShadowOAMBackupSprite21XCoord	instance	Tilemap	sprites	live	
WRAM0	-	$C55E	1	wShadowOAMBackupSprite21TileID	instance	Tilemap	sprites	live	
WRAM0	-	$C55F	1	wShadowOAMBackupSprite21Attributes	instance	Tilemap	sprites	live	
WRAM0	-	$C560	1	wShadowOAMBackupSprite22	instance	Tilemap	sprites	live	
WRAM0	-	$C560	1	wShadowOAMBackupSprite22YCoord	instance	Tilemap	sprites	live	
WRAM0	-	$C561	1	wShadowOAMBackupSprite22XCoord	instance	Tilemap	sprites	live	
WRAM0	-	$C562	1	wShadowOAMBackupSprite22TileID	instance	Tilemap	sprites	live	
WRAM0	-	$C563	1	wShadowOAMBackupSprite22Attributes	instance	Tilemap	sprites	live	
WRAM0	-	$C564	1	wShadowOAMBackupSprite23	instance	Tilemap	sprites	rom,live	
WRAM0	-	$C564	1	wShadowOAMBackupSprite23YCoord	instance	Tilemap	sprites	rom,live	
WRAM0	-	$C565	1	wShadowOAMBackupSprite23XCoord	instance	Tilemap	sprites	live	
WRAM0	-	$C566	1	wShadowOAMBackupSprite23TileID	instance	Tilemap	sprites	live	
WRAM0	-	$C567	1	wShadowOAMBackupSprite23Attributes	instance	Tilemap	sprites	live	
WRAM0	-	$C568	1	wShadowOAMBackupSprite24	instance	Tilemap	sprites	live	
WRAM0	-	$C568	1	wShadowOAMBackupSprite24YCoord	instance	Tilemap	sprites	live	
WRAM0	-	$C569	1	wShadowOAMBackupSprite24XCoord	instance	Tilemap	sprites	live	
WRAM0	-	$C56A	1	wShadowOAMBackupSprite24TileID	instance	Tilemap	sprites	live	
WRAM0	-	$C56B	1	wShadowOAMBackupSprite24Attributes	instance	Tilemap	sprites	rom,live	
WRAM0	-	$C56C	1	wShadowOAMBackupSprite25	instance	Tilemap	sprites	live	
WRAM0	-	$C56C	1	wShadowOAMBackupSprite25YCoord	instance	Tilemap	sprites	live	
WRAM0	-	$C56D	1	wShadowOAMBackupSprite25XCoord	instance	Tilemap	sprites	live	
WRAM0	-	$C56E	1	wShadowOAMBackupSprite25TileID	instance	Tilemap	sprites	live	
WRAM0	-	$C56F	1	wShadowOAMBackupSprite25Attributes	instance	Tilemap	sprites	live	
WRAM0	-	$C570	1	wShadowOAMBackupSprite26	instance	Tilemap	sprites	live	
WRAM0	-	$C570	1	wShadowOAMBackupSprite26YCoord	instance	Tilemap	sprites	live	
WRAM0	-	$C571	1	wShadowOAMBackupSprite26XCoord	instance	Tilemap	sprites	rom,live	
WRAM0	-	$C572	1	wShadowOAMBackupSprite26TileID	instance	Tilemap	sprites	live	
WRAM0	-	$C573	1	wShadowOAMBackupSprite26Attributes	instance	Tilemap	sprites	live	
WRAM0	-	$C574	1	wShadowOAMBackupSprite27	instance	Tilemap	sprites	live	
WRAM0	-	$C574	1	wShadowOAMBackupSprite27YCoord	instance	Tilemap	sprites	live	
WRAM0	-	$C575	1	wShadowOAMBackupSprite27XCoord	instance	Tilemap	sprites	rom,live	
WRAM0	-	$C576	1	wShadowOAMBackupSprite27TileID	instance	Tilemap	sprites	live	
WRAM0	-	$C577	1	wShadowOAMBackupSprite27Attributes	instance	Tilemap	sprites	live	
WRAM0	-	$C578	1	wShadowOAMBackupSprite28	instance	Tilemap	sprites	live	
WRAM0	-	$C578	1	wShadowOAMBackupSprite28YCoord	instance	Tilemap	sprites	live	
WRAM0	-	$C579	1	wShadowOAMBackupSprite28XCoord	instance	Tilemap	sprites	live	
WRAM0	-	$C57A	1	wShadowOAMBackupSprite28TileID	instance	Tilemap	sprites	live	
WRAM0	-	$C57B	1	wShadowOAMBackupSprite28Attributes	instance	Tilemap	sprites	live	
WRAM0	-	$C57C	1	wShadowOAMBackupSprite29	instance	Tilemap	sprites	rom,live	
WRAM0	-	$C57C	1	wShadowOAMBackupSprite29YCoord	instance	Tilemap	sprites	rom,live	
WRAM0	-	$C57D	1	wShadowOAMBackupSprite29XCoord	instance	Tilemap	sprites	live	
WRAM0	-	$C57E	1	wShadowOAMBackupSprite29TileID	instance	Tilemap	sprites	live	
WRAM0	-	$C57F	1	wShadowOAMBackupSprite29Attributes	instance	Tilemap	sprites	rom,live	
WRAM0	-	$C580	1	wShadowOAMBackupSprite30	instance	Tilemap	sprites	live	
WRAM0	-	$C580	1	wShadowOAMBackupSprite30YCoord	instance	Tilemap	sprites	live	
WRAM0	-	$C581	1	wShadowOAMBackupSprite30XCoord	instance	Tilemap	sprites	live	
WRAM0	-	$C582	1	wShadowOAMBackupSprite30TileID	instance	Tilemap	sprites	live	
WRAM0	-	$C583	1	wShadowOAMBackupSprite30Attributes	instance	Tilemap	sprites	live	
WRAM0	-	$C584	1	wShadowOAMBackupSprite31	instance	Tilemap	sprites	live	
WRAM0	-	$C584	1	wShadowOAMBackupSprite31YCoord	instance	Tilemap	sprites	live	
WRAM0	-	$C585	1	wShadowOAMBackupSprite31XCoord	instance	Tilemap	sprites	live	
WRAM0	-	$C586	1	wShadowOAMBackupSprite31TileID	instance	Tilemap	sprites	live	
WRAM0	-	$C587	1	wShadowOAMBackupSprite31Attributes	instance	Tilemap	sprites	live	
WRAM0	-	$C588	1	wShadowOAMBackupSprite32	instance	Tilemap	sprites	live	
WRAM0	-	$C588	1	wShadowOAMBackupSprite32YCoord	instance	Tilemap	sprites	live	
WRAM0	-	$C589	1	wShadowOAMBackupSprite32XCoord	instance	Tilemap	sprites	live	
WRAM0	-	$C58A	1	wShadowOAMBackupSprite32TileID	instance	Tilemap	sprites	live	
WRAM0	-	$C58B	1	wShadowOAMBackupSprite32Attributes	instance	Tilemap	sprites	live	
WRAM0	-	$C58C	1	wShadowOAMBackupSprite33	instance	Tilemap	sprites	live	
WRAM0	-	$C58C	1	wShadowOAMBackupSprite33YCoord	instance	Tilemap	sprites	live	
WRAM0	-	$C58D	1	wShadowOAMBackupSprite33XCoord	instance	Tilemap	sprites	live	
WRAM0	-	$C58E	1	wShadowOAMBackupSprite33TileID	instance	Tilemap	sprites	live	
WRAM0	-	$C58F	1	wShadowOAMBackupSprite33Attributes	instance	Tilemap	sprites	rom,live	
WRAM0	-	$C590	1	wShadowOAMBackupSprite34	instance	Tilemap	sprites	live	
WRAM0	-	$C590	1	wShadowOAMBackupSprite34YCoord	instance	Tilemap	sprites	live	
WRAM0	-	$C591	1	wShadowOAMBackupSprite34XCoord	instance	Tilemap	sprites	live	
WRAM0	-	$C592	1	wShadowOAMBackupSprite34TileID	instance	Tilemap	sprites	live	
WRAM0	-	$C593	1	wShadowOAMBackupSprite34Attributes	instance	Tilemap	sprites	rom,live	
WRAM0	-	$C594	1	wShadowOAMBackupSprite35	instance	Tilemap	sprites	live	
WRAM0	-	$C594	1	wShadowOAMBackupSprite35YCoord	instance	Tilemap	sprites	live	
WRAM0	-	$C595	1	wShadowOAMBackupSprite35XCoord	instance	Tilemap	sprites	live	
WRAM0	-	$C596	1	wShadowOAMBackupSprite35TileID	instance	Tilemap	sprites	live	
WRAM0	-	$C597	1	wShadowOAMBackupSprite35Attributes	instance	Tilemap	sprites	live	
WRAM0	-	$C598	1	wShadowOAMBackupSprite36	instance	Tilemap	sprites	rom,live	
WRAM0	-	$C598	1	wShadowOAMBackupSprite36YCoord	instance	Tilemap	sprites	rom,live	
WRAM0	-	$C599	1	wShadowOAMBackupSprite36XCoord	instance	Tilemap	sprites	live	
WRAM0	-	$C59A	1	wShadowOAMBackupSprite36TileID	instance	Tilemap	sprites	rom,live	
WRAM0	-	$C59B	1	wShadowOAMBackupSprite36Attributes	instance	Tilemap	sprites	live	
WRAM0	-	$C59C	1	wShadowOAMBackupSprite37	instance	Tilemap	sprites	live	
WRAM0	-	$C59C	1	wShadowOAMBackupSprite37YCoord	instance	Tilemap	sprites	live	
WRAM0	-	$C59D	1	wShadowOAMBackupSprite37XCoord	instance	Tilemap	sprites	live	
WRAM0	-	$C59E	1	wShadowOAMBackupSprite37TileID	instance	Tilemap	sprites	rom,live	
WRAM0	-	$C59F	1	wShadowOAMBackupSprite37Attributes	instance	Tilemap	sprites	live	
WRAM0	-	$C5A0	1	wShadowOAMBackupSprite38	instance	Tilemap	sprites	live	
WRAM0	-	$C5A0	1	wShadowOAMBackupSprite38YCoord	instance	Tilemap	sprites	live	
WRAM0	-	$C5A1	1	wShadowOAMBackupSprite38XCoord	instance	Tilemap	sprites	live	
WRAM0	-	$C5A2	1	wShadowOAMBackupSprite38TileID	instance	Tilemap	sprites	live	
WRAM0	-	$C5A3	1	wShadowOAMBackupSprite38Attributes	instance	Tilemap	sprites	rom,live	
WRAM0	-	$C5A4	1	wShadowOAMBackupSprite39	instance	Tilemap	sprites	live	
WRAM0	-	$C5A4	1	wShadowOAMBackupSprite39YCoord	instance	Tilemap	sprites	live	
WRAM0	-	$C5A5	1	wShadowOAMBackupSprite39XCoord	instance	Tilemap	sprites	live	
WRAM0	-	$C5A6	1	wShadowOAMBackupSprite39TileID	instance	Tilemap	sprites	live	
WRAM0	-	$C5A7	1	wShadowOAMBackupSprite39Attributes	instance	Tilemap	sprites	rom,live	
WRAM0	-	$C5A8	40	wShadowOAMBackupEnd	entry	Tilemap	sprites	rom,live	One past the saved copy of `wShadowOAM`. Measured: all eight fields of both backed-up slots are written together, from the same two nearby routines (bank 25/26, `$0F39`-`$0F42`) — one saves the backup, the other restores it.
WRAM0	-	$C5D0	280	wSerialEnemyMonsPatchList	entry	Tilemap	link	rom,live	The same list for the party the other console sent.
WRAM0	-	$C6E8	1300	wTempPic	entry	Overworld Map	overworld	rom,live	Shares this address with `wOverworldMap` (see that entry) — 1,300 bytes reused for a different purpose outside the overworld.
WRAM0	-	$C6E8	1300	wOverworldMap	alias	Overworld Map	overworld	rom,live	The live block map: the room the engine is actually drawing, with a three-block border. 1,300 bytes, which is the size of the largest map in the game.
WRAM0	-	$CBFC	0	wOverworldMapEnd	entry	Overworld Map	overworld	rom,live	One past the live block map. The 1,300 bytes in front of it, with the three-block border the loader leaves on every side, are the rule a map has to obey: `(width + 6) x (height + 6)` blocks must fit. The game's own largest map is 10x72 blocks, which comes to 1,248.
WRAM0	-	$CBFC	40	wRedrawRowOrColumnSrcTiles	entry	WRAM	overworld	rom,live	Starts exactly where the live block map ends (`wOverworldMapEnd`, see that entry) — the block map's own boundary and this buffer's start are the same address.
WRAM0	-	$CC24	1	wTopMenuItemY	entry	WRAM	screen	rom,live	Row of the first item in the open menu, in screen tiles.
WRAM0	-	$CC25	1	wTopMenuItemX	entry	WRAM	screen	rom,live	Column of the first item in the open menu.
WRAM0	-	$CC26	1	wCurrentMenuItem	entry	WRAM	screen	rom,live	Which item the cursor is on, counted from the top item — **except in a battle's move list**, where `MoveSelectionMenu` writes `wPlayerMoveListIndex + 1`, so the first move reads 1 and every other menu in the game reads 0. Getting it wrong is silent: the cursor already equals the target, A fires on the wrong move, and nothing anywhere says so.
WRAM0	-	$CC27	1	wTileBehindCursor	entry	WRAM	screen	rom,live	The tile the cursor is covering, so it can be put back.
WRAM0	-	$CC28	1	wMaxMenuItem	entry	WRAM	screen	rom,live	The last selectable index in the open menu.
WRAM0	-	$CC29	1	wMenuWatchedKeys	entry	WRAM	screen	rom,live	Which buttons the menu handler will act on. A menu that ignores B sets it here.
WRAM0	-	$CC2A	1	wLastMenuItem	entry	WRAM	screen	rom,live	The item the cursor was on last frame, used to erase the old cursor.
WRAM0	-	$CC2B	1	wPartyAndBillsPCSavedMenuItem	entry	WRAM	party	rom,live	
WRAM0	-	$CC2C	1	wBagSavedMenuItem	entry	WRAM	bag	rom,live	
WRAM0	-	$CC2D	1	wBattleAndStartSavedMenuItem	entry	WRAM	battle	rom,live	
WRAM0	-	$CC2E	1	wPlayerMoveListIndex	entry	WRAM	scratch	rom,live	Which move you are pointing at in the move menu.
WRAM0	-	$CC2F	1	wPlayerMonNumber	entry	WRAM	battle	rom,live	Which party slot is currently out.
WRAM0	-	$CC30	4	wMenuCursorLocation	entry	WRAM	screen	rom,live	Where in `wTileMap` the cursor glyph currently is.
WRAM0	-	$CC34	1	wMenuJoypadPollCount	entry	WRAM	screen	rom,live	How many times the menu has polled input, used to time the cursor blink.
WRAM0	-	$CC35	1	wMenuItemToSwap	entry	WRAM	screen	rom,live	Which list item is being moved, while a reorder is in progress.
WRAM0	-	$CC36	1	wListScrollOffset	entry	WRAM	screen	rom,live	How far a scrolling list has been scrolled, in items.
WRAM0	-	$CC37	1	wMenuWatchMovingOutOfBounds	entry	WRAM	screen	rom,live	Whether the menu reports an attempt to move past its ends, rather than silently clamping.
WRAM0	-	$CC38	2	wTradeCenterPointerTableIndex	entry	WRAM	link	rom,live	Which stage of the trade the Cable Club is in.
WRAM0	-	$CC3A	2	wTextDest	entry	WRAM	screen	rom,live	Where the text engine is writing to, usually inside `wTileMap`.
WRAM0	-	$CC3C	1	wDoNotWaitForButtonPressAfterDisplayingText	entry	WRAM	screen	rom,live	Set when a message should not stop for the player.
WRAM0	-	$CC3D	1	wSerialSyncAndExchangeNybbleReceiveData	entry	WRAM	link	rom,live	The nybble received by the combined sync-and-exchange round.
WRAM0	-	$CC3D	1	wLinkMenuSelectionReceiveBuffer	alias	WRAM	link	rom,live	The other console's link-menu selection, in the same encoding.
WRAM0	-	$CC3D	1	wSerialExchangeNybbleTempReceiveData	alias	WRAM	link	rom,live	
WRAM0	-	$CC3E	4	wSerialExchangeNybbleReceiveData	entry	WRAM	link	rom,live	The nybble the other console offered.
WRAM0	-	$CC42	5	wSerialExchangeNybbleSendData	entry	WRAM	link	rom,live	The nybble this console is offering in a synchronisation round. It is a **latch**: it keeps being sent until something resets it, which is why cancelling a trade has to be answered from every phase, not just the one it was pressed in.
WRAM0	-	$CC42	5	wLinkMenuSelectionSendBuffer	alias	WRAM	link	rom,live	The link menu's own use of this byte: `$D0` or'ed with the menu item and the button shifted left twice, so `$D4` is A pressed on TRADE CENTER.
WRAM0	-	$CC47	2	wUnknownSerialCounter	entry	WRAM	scratch	rom,live	A counter the link code keeps; what it is for is **not established here**.
WRAM0	-	$CC47	2	wEnteringCableClub	alias	WRAM	scratch	rom,live	Set while the attendant is checking the cable.
WRAM0	-	$CC47	2	wLinkTimeoutCounter	alias	WRAM	scratch	rom,live	Counts down while waiting for the other console. Running out is what produces the Cable Club's failure message rather than a hang.
WRAM0	-	$CC49	1	wMonDataLocation	entry	WRAM	scratch	rom,live	
WRAM0	-	$CC49	1	wWhichTradeMonSelectionMenu	alias	WRAM	scratch	rom,live	
WRAM0	-	$CC4A	1	wMenuWrappingEnabled	entry	WRAM	screen	rom,live	Whether moving past the last item returns to the first.
WRAM0	-	$CC4B	2	wCheckFor180DegreeTurn	entry	WRAM	scratch	rom,live	
WRAM0	-	$CC4D	1	wToggleableObjectIndex	entry	WRAM	events	rom,live	
WRAM0	-	$CC4E	1	wPredefID	entry	WRAM	system	rom,live	Which `predef` routine to run. Gen 1's answer to calling a far routine: put an id here and `Predef` looks it up and banks in.
WRAM0	-	$CC4F	2	wPredefHL	entry	WRAM	system	rom,live	`HL` saved across a `predef` call.
WRAM0	-	$CC51	2	wPredefDE	entry	WRAM	system	rom,live	`DE` saved across a `predef` call.
WRAM0	-	$CC53	2	wPredefBC	entry	WRAM	system	rom,live	`BC` saved across a `predef` call.
WRAM0	-	$CC55	2	wTrainerHeaderFlagBit	entry	WRAM	events	rom,live	
WRAM0	-	$CC57	1	wNPCMovementScriptPointerTableNum	entry	WRAM	events	rom,live	
WRAM0	-	$CC58	3	wNPCMovementScriptBank	entry	WRAM	events	rom,live	
WRAM0	-	$CC5B	1	wBoostExpByExpAll	entry	WRAM	battle	rom,live	One of a dozen unrelated one-off scratch uses sharing this WRAM byte across different screens and routines — also, among others in this atlas, `wFilteredBagItems` when a bag menu is open; which one is live depends entirely on what is currently executing.
WRAM0	-	$CC5B	1	wAnimationType	alias	WRAM	battle	rom,live	
WRAM0	-	$CC5B	1	wDexRatingNumMonsSeen	alias	WRAM	battle	rom,live	
WRAM0	-	$CC5B	1	wElevatorWarpMaps	alias	WRAM	battle	rom,live	
WRAM0	-	$CC5B	1	wFilteredBagItems	alias	WRAM	battle	rom,live	A filtered view of the bag — only the items a particular menu will accept, rebuilt each time it opens.
WRAM0	-	$CC5B	1	wHallOfFame	alias	WRAM	battle	rom,live	
WRAM0	-	$CC5B	1	wMonPartySpritesSavedOAM	alias	WRAM	battle	rom,live	
WRAM0	-	$CC5B	1	wNPCMovementDirections	alias	WRAM	battle	rom,live	
WRAM0	-	$CC5B	1	wOaksAideRewardItemName	alias	WRAM	battle	rom,live	
WRAM0	-	$CC5B	1	wSlotMachineSevenAndBarModeChance	alias	WRAM	battle	rom,live	
WRAM0	-	$CC5B	1	wTrainerCardBlkPacket	alias	WRAM	battle	rom,live	
WRAM0	-	$CC5B	1	wUnusedFlag	alias	WRAM	battle	rom,live	
WRAM0	-	$CC5B	1	wVermilionDockTileMapBuffer	alias	WRAM	battle	rom,live	
WRAM0	-	$CC5C	1	wDexRatingNumMonsOwned	entry	WRAM	pokedex	live	
WRAM0	-	$CC5D	1	wDexRatingText	entry	WRAM	pokedex	rom,live	
WRAM0	-	$CC5E	27	wSlotMachineSavedROMBank	entry	WRAM	scratch	rom,live	
WRAM0	-	$CC79	30	wAnimPalette	entry	WRAM	battle	rom,live	
WRAM0	-	$CC97	10	wNPCMovementDirections2	entry	WRAM	scratch	rom,live	
WRAM0	-	$CC97	10	wSwitchPartyMonTempBuffer	alias	WRAM	scratch	rom,live	
WRAM0	-	$CCA1	49	wNumStepsToTake	entry	WRAM	overworld	rom,live	
WRAM0	-	$CCD2	1	wRLEByteCount	entry	WRAM	scratch	rom,live	
WRAM0	-	$CCD3	1	wCanEvolveFlags	entry	WRAM	battle	rom,live	Shares this byte with `wSimulatedJoypadStatesEnd` and other unrelated one-off scratch uses at this address; which is live depends on what is currently executing.
WRAM0	-	$CCD3	1	wAddedToParty	alias	WRAM	battle	rom,live	
WRAM0	-	$CCD3	1	wMiscBattleData	alias	WRAM	battle	rom,live	
WRAM0	-	$CCD3	1	wParentMenuItem	alias	WRAM	battle	rom,live	
WRAM0	-	$CCD3	1	wSimulatedJoypadStatesEnd	alias	WRAM	battle	rom,live	One past the canned button sequence.
WRAM0	-	$CCD4	1	wForceEvolution	entry	WRAM	battle	rom,live	
WRAM0	-	$CCD5	2	wAILayer2Encouragement	entry	WRAM	battle	rom,live	
WRAM0	-	$CCD7	1	wPlayerSubstituteHP	entry	WRAM	battle	rom,live	The substitute's remaining hit points on your side. A whole byte, so a substitute is a quantity and not a two-state flag.
WRAM0	-	$CCD8	1	wEnemySubstituteHP	entry	WRAM	battle	rom,live	The same for the opponent's substitute.
WRAM0	-	$CCD9	2	wTestBattlePlayerSelectedMove	entry	WRAM	scratch	rom,live	Used by the game's own debug battle, not by ordinary play.
WRAM0	-	$CCDB	1	wMoveMenuType	entry	WRAM	battle	rom,live	
WRAM0	-	$CCDC	1	wPlayerSelectedMove	entry	WRAM	battle	rom,live	The move you chose this turn.
WRAM0	-	$CCDD	1	wEnemySelectedMove	entry	WRAM	battle	rom,live	The move the opponent chose this turn.
WRAM0	-	$CCDE	1	wLinkBattleRandomNumberListIndex	entry	WRAM	rng	rom,live	Where in the nine-entry list the next link-battle roll comes from.
WRAM0	-	$CCDF	3	wAICount	entry	WRAM	battle	rom,live	How many AI passes are left this turn.
WRAM0	-	$CCE2	1	wEnemyMoveListIndex	entry	WRAM	scratch	rom	Which move the opponent's AI is considering.
WRAM0	-	$CCE3	2	wLastSwitchInEnemyMonHP	entry	WRAM	battle	rom,live	
WRAM0	-	$CCE5	3	wTotalPayDayMoney	entry	WRAM	battle	rom,live	
WRAM0	-	$CCE8	1	wSafariEscapeFactor	entry	WRAM	battle	rom,live	How likely the Safari Zone opponent is to flee.
WRAM0	-	$CCE9	2	wSafariBaitFactor	entry	WRAM	battle	rom,live	How long bait keeps it interested.
WRAM0	-	$CCEB	2	wTransformedEnemyMonOriginalDVs	entry	WRAM	battle	rom,live	The opponent's real DVs, kept while Transform has overwritten them.
WRAM0	-	$CCED	1	wMonIsDisobedient	entry	WRAM	battle	rom,live	Set when a traded Pokemon above your badge level refuses an order.
WRAM0	-	$CCEE	1	wPlayerDisabledMoveNumber	entry	WRAM	battle	rom,live	
WRAM0	-	$CCEF	1	wEnemyDisabledMoveNumber	entry	WRAM	battle	rom,live	
WRAM0	-	$CCF0	1	wInHandlePlayerMonFainted	entry	WRAM	battle	rom,live	
WRAM0	-	$CCF1	1	wPlayerUsedMove	entry	WRAM	battle	rom,live	
WRAM0	-	$CCF2	1	wEnemyUsedMove	entry	WRAM	battle	rom,live	
WRAM0	-	$CCF3	1	wEnemyMonMinimized	entry	WRAM	battle	rom,live	The same for the opponent.
WRAM0	-	$CCF4	1	wMoveDidntMiss	entry	WRAM	battle	rom,live	
WRAM0	-	$CCF5	1	wPartyFoughtCurrentEnemyFlags	entry	WRAM	party	rom,live	One bit per party slot, set for anyone who faced the current opponent. Used to decide the experience split.
WRAM0	-	$CCF6	1	wLowHealthAlarmDisabled	entry	WRAM	battle	rom,live	
WRAM0	-	$CCF7	14	wPlayerMonMinimized	entry	WRAM	battle	rom,live	Set once your active Pokemon has used MINIMIZE. **Cosmetic in Generation 1**: it only changes how the sprite is drawn. Nothing doubles a stomping move's damage against it until a later generation.
WRAM0	-	$CD05	10	wEnemyNumHits	entry	WRAM	scratch	rom,live	
WRAM0	-	$CD05	10	wEnemyBideAccumulatedDamage	alias	WRAM	scratch	rom,live	
WRAM0	-	$CD05	10	wLuckySlotHiddenEventIndex	alias	WRAM	scratch	rom,live	
WRAM0	-	$CD0F	1	wPlayerMonUnmodifiedLevel	entry	WRAM	battle	rom,live	
WRAM0	-	$CD0F	1	wInGameTradeGiveMonSpecies	alias	WRAM	battle	rom,live	
WRAM0	-	$CD0F	1	wMiscBattleDataEnd	alias	WRAM	battle	rom,live	
WRAM0	-	$CD0F	1	wVermilionDockTileMapBufferEnd	alias	WRAM	battle	rom,live	
WRAM0	-	$CD10	2	wPlayerMonUnmodifiedMaxHP	entry	WRAM	battle	rom,live	Your maximum HP before any stat stage was applied. The stages are applied to a copy, so the original has to be kept.
WRAM0	-	$CD10	2	wInGameTradeTextPointerTablePointer	alias	WRAM	battle	rom,live	
WRAM0	-	$CD12	1	wPlayerMonUnmodifiedAttack	entry	WRAM	battle	rom,live	Attack for your side before any stat stage was applied. The battle struct's copy is the **modified** value — the one the damage formula uses — and the stages are integer ratios applied with truncation, so the original cannot be recovered by dividing back out. It is kept here instead.
WRAM0	-	$CD12	1	wInGameTradeTextPointerTableIndex	alias	WRAM	battle	rom,live	
WRAM0	-	$CD13	1	wInGameTradeGiveMonName	entry	WRAM	scratch	rom,live	
WRAM0	-	$CD14	2	wPlayerMonUnmodifiedDefense	entry	WRAM	battle	rom,live	Defense for your side before any stat stage was applied. The battle struct's copy is the **modified** value — the one the damage formula uses — and the stages are integer ratios applied with truncation, so the original cannot be recovered by dividing back out. It is kept here instead.
WRAM0	-	$CD16	2	wPlayerMonUnmodifiedSpeed	entry	WRAM	battle	live	Speed for your side before any stat stage was applied. The battle struct's copy is the **modified** value — the one the damage formula uses — and the stages are integer ratios applied with truncation, so the original cannot be recovered by dividing back out. It is kept here instead.
WRAM0	-	$CD18	2	wPlayerMonUnmodifiedSpecial	entry	WRAM	battle	rom,live	Special for your side before any stat stage was applied. The battle struct's copy is the **modified** value — the one the damage formula uses — and the stages are integer ratios applied with truncation, so the original cannot be recovered by dividing back out. It is kept here instead.
WRAM0	-	$CD1A	1	wPlayerMonAttackMod	entry	WRAM	battle	rom,live	Attack stage for your side, **biased by 7**: `1` to `13` is `-6` to `+6`, and a freshly zeroed block reads as `-6` on everything until `InitBattleVariables` writes the sevens.
WRAM0	-	$CD1A	1	wPlayerMonStatMods	alias	WRAM	battle	rom,live	In-battle stat stages for your side. **7 is neutral, not 0**: the block is zeroed work RAM until `InitBattleVariables` writes the sevens, so a sample taken on the first frames of a battle reads zero everywhere and looks like -6 on everything.
WRAM0	-	$CD1B	1	wPlayerMonDefenseMod	entry	WRAM	battle	live	Defense stage for your side, **biased by 7**: `1` to `13` is `-6` to `+6`, and a freshly zeroed block reads as `-6` on everything until `InitBattleVariables` writes the sevens.
WRAM0	-	$CD1C	1	wPlayerMonSpeedMod	entry	WRAM	battle	rom,live	Speed stage for your side, **biased by 7**: `1` to `13` is `-6` to `+6`, and a freshly zeroed block reads as `-6` on everything until `InitBattleVariables` writes the sevens.
WRAM0	-	$CD1D	1	wPlayerMonSpecialMod	entry	WRAM	battle	rom,live	Special stage for your side, **biased by 7**: `1` to `13` is `-6` to `+6`, and a freshly zeroed block reads as `-6` on everything until `InitBattleVariables` writes the sevens.
WRAM0	-	$CD1E	1	wPlayerMonAccuracyMod	entry	WRAM	battle	rom	Accuracy stage for your side, biased by 7. **There is no accuracy value anywhere** — only this stage: `MoveHitTest` scales the move table's accuracy byte by it and by the inverse of the defender's evasion stage, so the number in the move table stops being true the first time a SAND-ATTACK lands. Measured on the cartridge: TACKLE's 242/255 becomes 159/255 after one stage down and 121/255 after two.
WRAM0	-	$CD1E	1	wInGameTradeReceiveMonName	alias	WRAM	battle	rom	
WRAM0	-	$CD1F	3	wPlayerMonEvasionMod	entry	WRAM	battle	rom,live	Evasion stage for your side, biased by 7, and the other half of `MoveHitTest`'s scaling.
WRAM0	-	$CD22	1	wPlayerMonStatModsEnd	entry	WRAM	battle	rom,live	One past your side's six stat stages.
WRAM0	-	$CD23	1	wEnemyMonUnmodifiedLevel	entry	WRAM	battle	rom,live	
WRAM0	-	$CD24	2	wEnemyMonUnmodifiedMaxHP	entry	WRAM	battle	rom,live	The opponent's maximum HP before stat stages.
WRAM0	-	$CD26	2	wEnemyMonUnmodifiedAttack	entry	WRAM	battle	rom,live	Attack for the opponent before any stat stage was applied. The battle struct's copy is the **modified** value — the one the damage formula uses — and the stages are integer ratios applied with truncation, so the original cannot be recovered by dividing back out. It is kept here instead.
WRAM0	-	$CD28	1	wEnemyMonUnmodifiedDefense	entry	WRAM	battle	live	Defense for the opponent before any stat stage was applied. The battle struct's copy is the **modified** value — the one the damage formula uses — and the stages are integer ratios applied with truncation, so the original cannot be recovered by dividing back out. It is kept here instead.
WRAM0	-	$CD29	1	wInGameTradeMonNick	entry	WRAM	scratch	rom,live	
WRAM0	-	$CD2A	2	wEnemyMonUnmodifiedSpeed	entry	WRAM	battle	rom,live	Speed for the opponent before any stat stage was applied. The battle struct's copy is the **modified** value — the one the damage formula uses — and the stages are integer ratios applied with truncation, so the original cannot be recovered by dividing back out. It is kept here instead.
WRAM0	-	$CD2C	1	wEnemyMonUnmodifiedSpecial	entry	WRAM	battle	live	Special for the opponent before any stat stage was applied. The battle struct's copy is the **modified** value — the one the damage formula uses — and the stages are integer ratios applied with truncation, so the original cannot be recovered by dividing back out. It is kept here instead.
WRAM0	-	$CD2D	1	wEngagedTrainerClass	entry	WRAM	battle	rom,live	
WRAM0	-	$CD2E	1	wEngagedTrainerSet	entry	WRAM	battle	rom,live	Shares this address with `wEnemyMonAttackMod`/`wEnemyMonStatMods` — see those entries.
WRAM0	-	$CD2E	1	wEnemyMonAttackMod	alias	WRAM	battle	rom,live	Attack stage for the opponent, same bias.
WRAM0	-	$CD2E	1	wEnemyMonStatMods	alias	WRAM	battle	rom,live	In-battle stat stages for the opponent, same 1-13 range with 7 neutral.
WRAM0	-	$CD2F	1	wEnemyMonDefenseMod	entry	WRAM	battle	live	Defense stage for the opponent, same bias.
WRAM0	-	$CD30	1	wEnemyMonSpeedMod	entry	WRAM	battle	live	Speed stage for the opponent, same bias.
WRAM0	-	$CD31	1	wEnemyMonSpecialMod	entry	WRAM	battle	rom,live	Special stage for the opponent, same bias.
WRAM0	-	$CD32	1	wEnemyMonAccuracyMod	entry	WRAM	battle	rom,live	Accuracy stage for the opponent, same bias.
WRAM0	-	$CD33	1	wEnemyMonEvasionMod	entry	WRAM	battle	rom,live	Evasion stage for the opponent, same bias.
WRAM0	-	$CD34	2	wInGameTradeReceiveMonSpecies	entry	WRAM	scratch	rom,live	
WRAM0	-	$CD36	1	wEnemyMonStatModsEnd	entry	WRAM	battle	live	One past the opponent's six.
WRAM0	-	$CD37	1	wFilteredBagItemsCount	entry	WRAM	bag	rom,live	How many items are in that filtered view.
WRAM0	-	$CD37	1	wNPCMovementDirections2Index	alias	WRAM	bag	rom,live	
WRAM0	-	$CD37	1	wUnusedLinkMenuByte	alias	WRAM	bag	rom,live	
WRAM0	-	$CD38	1	wSimulatedJoypadStatesIndex	entry	WRAM	system	rom,live	How far through a canned button sequence a cutscene is.
WRAM0	-	$CD39	1	wUnusedSimulatedJoypadStatesMask	entry	WRAM	scratch	rom,live	
WRAM0	-	$CD3A	1	wUnusedOverrideSimulatedJoypadStatesIndex	entry	WRAM	scratch	rom,live	
WRAM0	-	$CD3B	2	wOverrideSimulatedJoypadStatesMask	entry	WRAM	system	rom,live	
WRAM0	-	$CD3D	1	wRodResponse	entry	WRAM	scratch	rom,live	
WRAM0	-	$CD3D	1	wBadgeNumberTile	alias	WRAM	scratch	rom,live	
WRAM0	-	$CD3D	1	wBattleTransitionCircleScreenQuadrantY	alias	WRAM	scratch	rom,live	
WRAM0	-	$CD3D	1	wBattleTransitionCopyTilesOffset	alias	WRAM	scratch	rom,live	
WRAM0	-	$CD3D	1	wBoxMonCounts	alias	WRAM	scratch	rom,live	
WRAM0	-	$CD3D	1	wBoxNumString	alias	WRAM	scratch	rom,live	
WRAM0	-	$CD3D	1	wCanPlaySlots	alias	WRAM	scratch	rom,live	
WRAM0	-	$CD3D	1	wChangeBoxSavedMapTextPointer	alias	WRAM	scratch	rom,live	
WRAM0	-	$CD3D	1	wChargeMoveNum	alias	WRAM	scratch	rom,live	
WRAM0	-	$CD3D	1	wCoordIndex	alias	WRAM	scratch	rom,live	
WRAM0	-	$CD3D	1	wDayCareStartLevel	alias	WRAM	scratch	rom,live	
WRAM0	-	$CD3D	1	wDexMaxSeenMon	alias	WRAM	scratch	rom,live	
WRAM0	-	$CD3D	1	wFallingObjectsMovementData	alias	WRAM	scratch	rom,live	
WRAM0	-	$CD3D	1	wFieldMoves	alias	WRAM	scratch	rom,live	
WRAM0	-	$CD3D	1	wFlyAnimUsingCoordList	alias	WRAM	scratch	rom,live	
WRAM0	-	$CD3D	1	wHiddenEventFunctionArgument	alias	WRAM	scratch	rom,live	
WRAM0	-	$CD3D	1	wHoFMonSpecies	alias	WRAM	scratch	rom,live	
WRAM0	-	$CD3D	1	wHoFTeamIndex	alias	WRAM	scratch	rom,live	
WRAM0	-	$CD3D	1	wInwardSpiralUpdateScreenCounter	alias	WRAM	scratch	rom,live	
WRAM0	-	$CD3D	1	wMoveDownSmallStarsOAMCount	alias	WRAM	scratch	rom,live	
WRAM0	-	$CD3D	1	wNumShakes	alias	WRAM	scratch	rom,live	
WRAM0	-	$CD3D	1	wOptionsTextSpeedCursorX	alias	WRAM	scratch	rom,live	
WRAM0	-	$CD3D	1	wPPRestoreItem	alias	WRAM	scratch	rom,live	
WRAM0	-	$CD3D	1	wPlayerCharacterOAMTile	alias	WRAM	scratch	rom,live	
WRAM0	-	$CD3D	1	wPlayerSpinInPlaceAnimFrameDelay	alias	WRAM	scratch	rom,live	
WRAM0	-	$CD3D	1	wPlayerSpinWhileMovingUpOrDownAnimDeltaY	alias	WRAM	scratch	rom,live	
WRAM0	-	$CD3D	1	wPriceTemp	alias	WRAM	scratch	rom,live	
WRAM0	-	$CD3D	1	wRivalStarterTemp	alias	WRAM	scratch	rom,live	
WRAM0	-	$CD3D	1	wSSAnneSmokeDriftAmount	alias	WRAM	scratch	rom,live	
WRAM0	-	$CD3D	1	wSavedY	alias	WRAM	scratch	rom,live	
WRAM0	-	$CD3D	1	wStoppingWhichSlotMachineWheel	alias	WRAM	scratch	rom,live	
WRAM0	-	$CD3D	1	wSwappedMenuItem	alias	WRAM	scratch	rom,live	
WRAM0	-	$CD3D	1	wTempSCX	alias	WRAM	scratch	rom,live	
WRAM0	-	$CD3D	1	wTitleMonSpecies	alias	WRAM	scratch	rom,live	
WRAM0	-	$CD3D	1	wTradedPlayerMonSpecies	alias	WRAM	scratch	rom,live	
WRAM0	-	$CD3D	1	wTradingWhichPlayerMon	alias	WRAM	scratch	rom,live	
WRAM0	-	$CD3D	1	wTrainerInfoTextBoxWidthPlus1	alias	WRAM	scratch	rom,live	
WRAM0	-	$CD3D	1	wTrainerSpriteOffset	alias	WRAM	scratch	rom,live	
WRAM0	-	$CD3D	1	wUnusedCreditsByte	alias	WRAM	scratch	rom,live	
WRAM0	-	$CD3D	1	wWereAnyMonsAsleep	alias	WRAM	scratch	rom,live	
WRAM0	-	$CD3D	1	wWhichBadge	alias	WRAM	scratch	rom,live	
WRAM0	-	$CD3D	1	wWhichTownMapLocation	alias	WRAM	scratch	rom,live	
WRAM0	-	$CD3D	1	wWhichTrade	alias	WRAM	scratch	rom,live	
WRAM0	-	$CD3E	1	wNumCreditsMonsDisplayed	entry	WRAM	scratch	rom,live	
WRAM0	-	$CD3E	1	wBadgeNameTile	alias	WRAM	scratch	rom,live	
WRAM0	-	$CD3E	1	wBattleTransitionCircleScreenQuadrantX	alias	WRAM	scratch	rom,live	
WRAM0	-	$CD3E	1	wDayCareNumLevelsGrown	alias	WRAM	scratch	rom,live	
WRAM0	-	$CD3E	1	wFlyAnimCounter	alias	WRAM	scratch	rom,live	
WRAM0	-	$CD3E	1	wFlyLocationsList	alias	WRAM	scratch	rom,live	
WRAM0	-	$CD3E	1	wHUDPokeballGfxOffsetX	alias	WRAM	scratch	rom,live	
WRAM0	-	$CD3E	1	wHiddenEventFunctionRomBank	alias	WRAM	scratch	rom,live	
WRAM0	-	$CD3E	1	wHoFPartyMonIndex	alias	WRAM	scratch	rom,live	
WRAM0	-	$CD3E	1	wOptionsBattleAnimCursorX	alias	WRAM	scratch	rom,live	
WRAM0	-	$CD3E	1	wPlayerSpinInPlaceAnimFrameDelayDelta	alias	WRAM	scratch	rom,live	
WRAM0	-	$CD3E	1	wPlayerSpinWhileMovingUpOrDownAnimMaxY	alias	WRAM	scratch	rom,live	
WRAM0	-	$CD3E	1	wRivalStarterBallSpriteIndex	alias	WRAM	scratch	rom,live	
WRAM0	-	$CD3E	1	wSSAnneSmokeX	alias	WRAM	scratch	rom,live	
WRAM0	-	$CD3E	1	wSlotMachineWheel1Offset	alias	WRAM	scratch	rom,live	
WRAM0	-	$CD3E	1	wTradedEnemyMonSpecies	alias	WRAM	scratch	rom,live	
WRAM0	-	$CD3E	1	wTradingWhichEnemyMon	alias	WRAM	scratch	rom,live	
WRAM0	-	$CD3E	1	wTrainerEngageDistance	alias	WRAM	scratch	rom,live	
WRAM0	-	$CD3E	1	wTrainerInfoTextBoxWidth	alias	WRAM	scratch	rom,live	
WRAM0	-	$CD3F	1	wJigglypuffFacingDirections	entry	WRAM	scratch	rom,live	
WRAM0	-	$CD3F	1	wBadgeOrFaceTiles	alias	WRAM	scratch	rom,live	
WRAM0	-	$CD3F	1	wDayCareTotalCost	alias	WRAM	scratch	rom,live	
WRAM0	-	$CD3F	1	wFlyAnimBirdSpriteImageIndex	alias	WRAM	scratch	rom,live	
WRAM0	-	$CD3F	1	wHUDGraphicsTiles	alias	WRAM	scratch	rom,live	
WRAM0	-	$CD3F	1	wHUDUnusedTopTile	alias	WRAM	scratch	rom,live	
WRAM0	-	$CD3F	1	wHiddenEventIndex	alias	WRAM	scratch	rom,live	
WRAM0	-	$CD3F	1	wHoFMonLevel	alias	WRAM	scratch	rom,live	
WRAM0	-	$CD3F	1	wNameOfPlayerMonToBeTraded	alias	WRAM	scratch	rom,live	
WRAM0	-	$CD3F	1	wOptionsBattleStyleCursorX	alias	WRAM	scratch	rom,live	
WRAM0	-	$CD3F	1	wPlayerSpinInPlaceAnimFrameDelayEndValue	alias	WRAM	scratch	rom,live	
WRAM0	-	$CD3F	1	wPlayerSpinWhileMovingUpOrDownAnimFrameDelay	alias	WRAM	scratch	rom,live	
WRAM0	-	$CD3F	1	wTrainerFacingDirection	alias	WRAM	scratch	rom,live	
WRAM0	-	$CD3F	1	wTrainerInfoTextBoxNextRowOffset	alias	WRAM	scratch	rom,live	
WRAM0	-	$CD3F	1	wSlotMachineWheel2Offset	instance	WRAM	scratch	rom,live	
WRAM0	-	$CD40	1	wOptionsCancelCursorX	entry	WRAM	player	rom,live	The menu cursor's X position on the OPTIONS screen when it was last backed out of, restored so re-opening the menu does not reset it. Measured across a real playthrough (walk, a forced battle, menus): written from 3 places, chiefly bank 14 `$00B6`, during battle, intro, post-battle menus, walk/menus; values seen: [0, 3, 4, 116, 119].
WRAM0	-	$CD40	1	wHUDCornerTile	alias	WRAM	player	rom,live	
WRAM0	-	$CD40	1	wHiddenEventY	alias	WRAM	player	rom,live	
WRAM0	-	$CD40	1	wHoFMonOrPlayer	alias	WRAM	player	rom,live	
WRAM0	-	$CD40	1	wPlayerSpinInPlaceAnimSoundID	alias	WRAM	player	rom,live	
WRAM0	-	$CD40	1	wTrainerScreenY	alias	WRAM	player	rom,live	
WRAM0	-	$CD40	1	wSlotMachineWheel3Offset	instance	WRAM	scratch	rom,live	
WRAM0	-	$CD41	1	wTrainerScreenX	entry	WRAM	events	rom,live	Screen X coordinate used while drawing the trainer/status screen. Measured across a real playthrough (walk, a forced battle, menus): written from 3 places, chiefly bank 14 `$00B6`, during battle, intro, post-battle menus, walk/menus; values seen: [0, 13, 111, 120].
WRAM0	-	$CD41	1	wDayCarePerLevelCost	alias	WRAM	events	rom,live	
WRAM0	-	$CD41	1	wHUDTriangleTile	alias	WRAM	events	rom,live	
WRAM0	-	$CD41	1	wHiddenEventX	alias	WRAM	events	rom,live	
WRAM0	-	$CD41	1	wHiddenItemOrCoinsIndex	alias	WRAM	events	rom,live	
WRAM0	-	$CD41	1	wHoFTeamIndex2	alias	WRAM	events	rom,live	
WRAM0	-	$CD41	1	wNumFieldMoves	alias	WRAM	events	rom,live	
WRAM0	-	$CD41	1	wSlotMachineWheel1BottomTile	alias	WRAM	events	rom,live	
WRAM0	-	$CD41	1	wSlotMachineWinningSymbol	alias	WRAM	events	rom,live	
WRAM0	-	$CD41	1	wTradedPlayerMonOT	alias	WRAM	events	rom,live	
WRAM0	-	$CD42	1	wSlotMachineWheel1MiddleTile	entry	WRAM	scratch	rom,live	
WRAM0	-	$CD42	1	wFieldMovesLeftmostXCoord	alias	WRAM	scratch	rom,live	
WRAM0	-	$CD42	1	wHUDGraphicsTilesEnd	alias	WRAM	scratch	rom,live	
WRAM0	-	$CD42	1	wHoFTeamNo	alias	WRAM	scratch	rom,live	
WRAM0	-	$CD43	1	wSlotMachineWheel1TopTile	entry	WRAM	scratch	rom,live	
WRAM0	-	$CD43	1	wLastFieldMoveID	alias	WRAM	scratch	rom,live	
WRAM0	-	$CD44	1	wSlotMachineWheel2BottomTile	instance	WRAM	events	rom,live	
WRAM0	-	$CD45	1	wSlotMachineWheel2MiddleTile	instance	WRAM	scratch	rom,live	
WRAM0	-	$CD46	1	wTempCoins1	entry	WRAM	bag	rom,live	
WRAM0	-	$CD46	1	wSlotMachineWheel2TopTile	instance	WRAM	scratch	rom,live	
WRAM0	-	$CD47	1	wBattleTransitionSpiralDirection	entry	WRAM	battle	rom,live	
WRAM0	-	$CD47	1	wSlotMachineWheel3BottomTile	instance	WRAM	events	rom,live	
WRAM0	-	$CD48	1	wFacingDirectionList	entry	WRAM	scratch	rom,live	
WRAM0	-	$CD48	1	wSlotMachineWheel3MiddleTile	instance	WRAM	scratch	rom,live	
WRAM0	-	$CD49	1	wTempObtainedBadgesBooleans	entry	WRAM	player	rom,live	
WRAM0	-	$CD49	1	wSlotMachineWheel3TopTile	instance	WRAM	scratch	rom,live	
WRAM0	-	$CD4A	2	wPayoutCoins	entry	WRAM	bag	rom,live	
WRAM0	-	$CD4A	2	wTempCoins2	instance	WRAM	bag	rom,live	
WRAM0	-	$CD4C	1	wSlotMachineFlags	entry	WRAM	scratch	rom,live	
WRAM0	-	$CD4C	1	wTradedPlayerMonOTID	alias	WRAM	scratch	rom,live	
WRAM0	-	$CD4D	1	wCutTile	entry	WRAM	scratch	rom,live	
WRAM0	-	$CD4D	1	wSlotMachineWheel1SlipCounter	alias	WRAM	scratch	rom,live	
WRAM0	-	$CD4E	1	wTradedEnemyMonOT	entry	WRAM	link	rom,live	
WRAM0	-	$CD4E	1	wSlotMachineWheel2SlipCounter	instance	WRAM	scratch	rom,live	
WRAM0	-	$CD4F	1	wEmotionBubbleSpriteIndex	entry	WRAM	scratch	rom,live	
WRAM0	-	$CD4F	1	wSavedPlayerScreenY	alias	WRAM	scratch	rom,live	
WRAM0	-	$CD4F	1	wSlotMachineRerollCounter	alias	WRAM	scratch	rom,live	
WRAM0	-	$CD50	9	wWhichEmotionBubble	entry	WRAM	scratch	rom,live	
WRAM0	-	$CD50	9	wSavedPlayerFacingDirection	alias	WRAM	scratch	rom,live	
WRAM0	-	$CD50	9	wSlotMachineBet	alias	WRAM	scratch	rom,live	
WRAM0	-	$CD50	9	wWhichAnimationOffsets	alias	WRAM	scratch	rom,live	
WRAM0	-	$CD59	2	wTradedEnemyMonOTID	entry	WRAM	link	rom,live	
WRAM0	-	$CD5B	1	wGymTrashCanIndex	entry	WRAM	scratch	rom,live	
WRAM0	-	$CD5B	1	wOAMBaseTile	alias	WRAM	scratch	rom,live	
WRAM0	-	$CD5B	1	wStandingOnWarpPadOrHole	alias	WRAM	scratch	rom,live	
WRAM0	-	$CD5C	1	wSymmetricSpriteOAMAttributes	entry	WRAM	scratch	rom,live	
WRAM0	-	$CD5D	1	wMonPartySpriteSpecies	entry	WRAM	scratch	rom,live	
WRAM0	-	$CD5E	1	wLeftGBMonSpecies	entry	WRAM	scratch	rom,live	
WRAM0	-	$CD5F	1	wRightGBMonSpecies	entry	WRAM	scratch	rom,live	
WRAM0	-	$CD60	10	wMiscFlags	entry	WRAM	scratch	rom,live	
WRAM0	-	$CD6A	1	wActionResultOrTookBattleTurn	entry	WRAM	scratch	rom,live	
WRAM0	-	$CD6B	1	wJoyIgnore	entry	WRAM	system	rom,live	Buttons the game will not act on this frame.
WRAM0	-	$CD6C	1	wNumMovesMinusOne	entry	WRAM	scratch	rom,live	
WRAM0	-	$CD6C	1	wDownscaledMonSize	alias	WRAM	scratch	rom,live	
WRAM0	-	$CD6D	4	wBattleMenuCurrentPP	entry	WRAM	battle	rom,live	
WRAM0	-	$CD6D	4	wEvoDataBuffer	alias	WRAM	battle	rom,live	
WRAM0	-	$CD6D	4	wMoveData	alias	WRAM	battle	rom,live	
WRAM0	-	$CD6D	4	wNameBuffer	alias	WRAM	battle	rom,live	
WRAM0	-	$CD6D	4	wPayDayMoney	alias	WRAM	battle	rom,live	
WRAM0	-	$CD71	2	wStatusScreenCurrentPP	entry	WRAM	scratch	rom,live	
WRAM0	-	$CD73	5	wPPUpCountAndMaxPP	entry	WRAM	scratch	live	
WRAM0	-	$CD78	2	wNormalMaxPPList	entry	WRAM	scratch	rom,live	
WRAM0	-	$CD7A	7	wEvoDataBufferEnd	entry	WRAM	scratch	rom,live	
WRAM0	-	$CD81	360	wSerialOtherGameboyRandomNumberListBlock	entry	WRAM	link	rom,live	Shares this address with `wTileMapBackup2` — the link-battle shared random-number list borrows this scratch buffer outside a link session; see that entry for the rest of what it is used for.
WRAM0	-	$CD81	360	wTileMapBackup2	alias	WRAM	link	rom,live	A second 360-byte screen backup. Also the largest clean scratch buffer below the save boundary, which is why other tools borrow it.
WRAM0	-	$CEE9	1	wLearningMovesFromDayCare	entry	WRAM	scratch	rom,live	
WRAM0	-	$CEE9	1	wBuffer	alias	WRAM	scratch	rom,live	
WRAM0	-	$CEE9	1	wChangeMonPicEnemyTurnSpecies	alias	WRAM	scratch	rom,live	
WRAM0	-	$CEE9	1	wEvoOldSpecies	alias	WRAM	scratch	rom,live	
WRAM0	-	$CEE9	1	wHPBarMaxHP	alias	WRAM	scratch	rom,live	
WRAM0	-	$CEE9	1	wNamingScreenNameLength	alias	WRAM	scratch	rom,live	
WRAM0	-	$CEE9	1	wTownMapCoords	alias	WRAM	scratch	rom,live	
WRAM0	-	$CEEA	1	wChangeMonPicPlayerTurnSpecies	entry	WRAM	scratch	rom,live	
WRAM0	-	$CEEA	1	wEvoNewSpecies	alias	WRAM	scratch	rom,live	
WRAM0	-	$CEEA	1	wNamingScreenSubmitName	alias	WRAM	scratch	rom,live	
WRAM0	-	$CEEB	1	wHPBarOldHP	entry	WRAM	battle	rom,live	
WRAM0	-	$CEEB	1	wAlphabetCase	alias	WRAM	battle	rom,live	
WRAM0	-	$CEEB	1	wEvoMonTileOffset	alias	WRAM	battle	rom,live	
WRAM0	-	$CEEC	1	wEvoCancelled	entry	WRAM	scratch	rom,live	
WRAM0	-	$CEED	2	wHPBarNewHP	entry	WRAM	battle	rom,live	
WRAM0	-	$CEED	2	wNamingScreenLetter	alias	WRAM	battle	rom,live	
WRAM0	-	$CEEF	1	wHPBarDelta	entry	WRAM	battle	rom,live	
WRAM0	-	$CEF0	13	wHPBarTempHP	entry	WRAM	battle	rom,live	
WRAM0	-	$CEFD	8	wHPBarHPDifference	entry	WRAM	battle	rom,live	
WRAM0	-	$CF05	1	wAIItem	entry	WRAM	battle	rom,live	
WRAM0	-	$CF06	1	wUsedItemOnWhichPokemon	entry	WRAM	scratch	rom,live	
WRAM0	-	$CF07	1	wAnimSoundID	entry	WRAM	battle	rom,live	
WRAM0	-	$CF08	1	wBankswitchHomeSavedROMBank	entry	WRAM	scratch	rom,live	
WRAM0	-	$CF09	1	wBankswitchHomeTemp	entry	WRAM	scratch	rom,live	
WRAM0	-	$CF0A	1	wBoughtOrSoldItemInMart	entry	WRAM	scratch	rom,live	
WRAM0	-	$CF0B	1	wBattleResult	entry	WRAM	battle	rom,live	How the battle ended: won, lost, or ran.
WRAM0	-	$CF0C	1	wAutoTextBoxDrawingControl	entry	WRAM	scratch	rom,live	
WRAM0	-	$CF0D	1	wNextSafariZoneGateScript	entry	WRAM	scratch	rom,live	
WRAM0	-	$CF0D	1	wOakWalkedToPlayer	alias	WRAM	scratch	rom,live	
WRAM0	-	$CF0D	1	wSavedCoordIndex	alias	WRAM	scratch	rom,live	
WRAM0	-	$CF0E	1	wTilePlayerStandingOn	entry	WRAM	overworld	rom,live	The tile id under the player, as the collision check read it.
WRAM0	-	$CF0F	1	wNPCNumScriptedSteps	entry	WRAM	scratch	rom,live	
WRAM0	-	$CF10	1	wNPCMovementScriptFunctionNum	entry	WRAM	events	rom,live	
WRAM0	-	$CF11	1	wTextPredefFlag	entry	WRAM	screen	rom,live	
WRAM0	-	$CF12	1	wPredefParentBank	entry	WRAM	system	rom,live	
WRAM0	-	$CF13	1	wSpriteIndex	entry	WRAM	sprites	rom,live	
WRAM0	-	$CF14	3	wCurSpriteMovement2	entry	WRAM	scratch	rom,live	
WRAM0	-	$CF17	1	wNPCMovementScriptSpriteOffset	entry	WRAM	events	rom,live	
WRAM0	-	$CF18	2	wScriptedNPCWalkCounter	entry	WRAM	events	rom,live	
WRAM0	-	$CF1A	1	wOnCGB	entry	WRAM	scratch	rom,live	
WRAM0	-	$CF1B	1	wOnSGB	entry	WRAM	scratch	rom,live	
WRAM0	-	$CF1C	1	wDefaultPaletteCommand	entry	WRAM	scratch	rom,live	
WRAM0	-	$CF1D	1	wWholeScreenPaletteMonSpecies	entry	WRAM	scratch	rom,live	
WRAM0	-	$CF1D	1	wPlayerHPBarColor	alias	WRAM	scratch	rom,live	
WRAM0	-	$CF1E	1	wEnemyHPBarColor	entry	WRAM	scratch	rom,live	
WRAM0	-	$CF1F	6	wPartyMenuHPBarColors	entry	WRAM	scratch	rom,live	
WRAM0	-	$CF25	8	wStatusScreenHPBarColor	entry	WRAM	scratch	rom,live	
WRAM0	-	$CF2D	1	wPalPacket	entry	WRAM	graphics	rom,live	
WRAM0	-	$CF2D	1	wCopyingSGBTileData	alias	WRAM	graphics	rom,live	
WRAM0	-	$CF2D	1	wWhichPartyMenuHPBar	alias	WRAM	graphics	rom,live	
WRAM0	-	$CF2E	29	wPartyMenuBlkPacket	entry	WRAM	graphics	rom,live	
WRAM0	-	$CF4B	2	wExpAmountGained	entry	WRAM	battle	rom,live	Shares this address with `wStringBuffer` — see that entry.
WRAM0	-	$CF4B	2	wStringBuffer	alias	WRAM	battle	rom,live	Scratch for a string being assembled before it is placed.
WRAM0	-	$CF4D	18	wGainBoostedExp	entry	WRAM	scratch	rom,live	
WRAM0	-	$CF5F	17	wGymCityName	entry	WRAM	scratch	rom,live	
WRAM0	-	$CF70	11	wGymLeaderName	entry	WRAM	scratch	rom,live	
WRAM0	-	$CF7B	16	wItemList	entry	WRAM	scratch	rom,live	
WRAM0	-	$CF8B	2	wListPointer	entry	WRAM	screen	rom,live	
WRAM0	-	$CF8D	2	wUnusedNamePointer	entry	WRAM	scratch	rom,live	
WRAM0	-	$CF8F	2	wItemPrices	entry	WRAM	bag	rom,live	
WRAM0	-	$CF91	1	wCurListMenuItem	entry	WRAM	scratch	rom,live	Shares this byte with `wCurItem`/`wCurPartySpecies` — reused for whichever operation (a list menu's selection, an item, a species) is currently in progress; see those entries for the specific facts.
WRAM0	-	$CF91	1	wCurItem	alias	WRAM	scratch	rom,live	Which item the current operation is about.
WRAM0	-	$CF91	1	wCurPartySpecies	alias	WRAM	scratch	rom,live	The species the current operation is about — set by `InitOpponent`, and reused by the party menus.
WRAM0	-	$CF92	1	wWhichPokemon	entry	WRAM	storage	rom,live	Which party slot a menu or a link rendezvous picked. **`EnemySendOutFirstMon` computes it as the received byte minus 4 with no bounds check**, so answering the after-a-faint rendezvous with a move index instead of a slot underflows it to slot 252 and the game fields a glitch Pokemon whose name changes every turn.
WRAM0	-	$CF93	1	wPrintItemPrices	entry	WRAM	scratch	rom,live	
WRAM0	-	$CF94	1	wListMenuID	entry	WRAM	screen	rom,live	
WRAM0	-	$CF94	1	wHPBarType	alias	WRAM	screen	rom,live	
WRAM0	-	$CF95	1	wMoveMonType	entry	WRAM	scratch	rom,live	
WRAM0	-	$CF95	1	wRemoveMonFromBox	alias	WRAM	scratch	rom,live	
WRAM0	-	$CF96	1	wItemQuantity	entry	WRAM	bag	rom,live	How many of it.
WRAM0	-	$CF97	1	wMaxItemQuantity	entry	WRAM	scratch	rom,live	
WRAM0	-	$CF98	1	wLoadedMonSpecies	entry	WRAM	scratch	rom,live	
WRAM0	-	$CF98	1	wLoadedMon	alias	WRAM	scratch	rom,live	
WRAM0	-	$CF99	2	wLoadedMonHP	entry	WRAM	scratch	rom,live	
WRAM0	-	$CF9B	1	wLoadedMonBoxLevel	entry	WRAM	scratch	rom,live	
WRAM0	-	$CF9C	1	wLoadedMonStatus	entry	WRAM	scratch	rom,live	
WRAM0	-	$CF9D	1	wLoadedMonType1	entry	WRAM	scratch	live	
WRAM0	-	$CF9D	1	wLoadedMonType	alias	WRAM	scratch	live	
WRAM0	-	$CF9E	1	wLoadedMonType2	instance	WRAM	scratch	live	
WRAM0	-	$CF9F	1	wLoadedMonCatchRate	entry	WRAM	scratch	live	
WRAM0	-	$CFA0	4	wLoadedMonMoves	entry	WRAM	scratch	rom,live	
WRAM0	-	$CFA4	2	wLoadedMonOTID	entry	WRAM	scratch	rom,live	
WRAM0	-	$CFA6	3	wLoadedMonExp	entry	WRAM	scratch	rom,live	
WRAM0	-	$CFA9	2	wLoadedMonHPExp	entry	WRAM	scratch	live	
WRAM0	-	$CFAB	2	wLoadedMonAttackExp	entry	WRAM	scratch	live	
WRAM0	-	$CFAD	2	wLoadedMonDefenseExp	entry	WRAM	scratch	live	
WRAM0	-	$CFAF	2	wLoadedMonSpeedExp	entry	WRAM	scratch	rom,live	A base address `CalcStat` is pointed at so its stat-experience lookup lands on a byte pair holding only DVs. That is how the engine recomputes a stat from base stats, DVs and level **with zero stat experience** — which is why a recomputed stat and a stored one can disagree.
WRAM0	-	$CFB1	2	wLoadedMonSpecialExp	entry	WRAM	scratch	live	
WRAM0	-	$CFB3	2	wLoadedMonDVs	entry	WRAM	scratch	rom,live	
WRAM0	-	$CFB5	4	wLoadedMonPP	entry	WRAM	scratch	live	
WRAM0	-	$CFB9	1	wLoadedMonLevel	entry	WRAM	scratch	rom,live	The level of whichever Pokémon's data is currently loaded into the scratch buffers — used by the stat and experience calculations that need a level and nothing else about the Pokémon yet. Measured across a real playthrough (walk, a forced battle, menus): written from 3 places, chiefly bank 15 `$4E1D`, during battle, intro, post-battle menus; values seen: [0, 5, 12].
WRAM0	-	$CFBA	2	wLoadedMonMaxHP	entry	WRAM	scratch	rom,live	
WRAM0	-	$CFBA	2	wLoadedMonStats	alias	WRAM	scratch	rom,live	
WRAM0	-	$CFBC	2	wLoadedMonAttack	entry	WRAM	scratch	rom,live	
WRAM0	-	$CFBE	2	wLoadedMonDefense	entry	WRAM	scratch	rom,live	
WRAM0	-	$CFC0	2	wLoadedMonSpeed	entry	WRAM	scratch	rom,live	
WRAM0	-	$CFC2	2	wLoadedMonSpecial	entry	WRAM	scratch	rom,live	
WRAM0	-	$CFC4	1	wFontLoaded	entry	WRAM	screen	rom,live	Whether the font tiles are in video RAM. The screen only reads back as text while this is set.
WRAM0	-	$CFC5	1	wWalkCounter	entry	WRAM	overworld	rom,live	Counts 7 down to 0 across a walk animation. Non-zero means the engine owns every sprite's screen position, so anything writing sprite pixels must stand off until it reaches zero.
WRAM0	-	$CFC6	1	wTileInFrontOfPlayer	entry	WRAM	overworld	rom,live	The tile the player is facing, which is what an A press interrogates.
WRAM0	-	$CFC7	1	wAudioFadeOutControl	entry	WRAM	audio	rom,live	Whether a fade-out is currently in progress. Measured across a real playthrough (walk, a forced battle, menus): written from 3 places, chiefly bank 1 `$1F80`, during battle-trigger, intro, walk/menus; values seen: [0, 10, 186, 189].
WRAM0	-	$CFC8	1	wAudioFadeOutCounterReloadValue	entry	WRAM	audio	rom,live	
WRAM0	-	$CFC9	1	wAudioFadeOutCounter	entry	WRAM	audio	rom,live	
WRAM0	-	$CFCA	1	wLastMusicSoundID	entry	WRAM	audio	rom,live	What was playing before a sound effect took over, so it can be restored.
WRAM0	-	$CFCB	1	wUpdateSpritesEnabled	entry	WRAM	system	rom,live	Whether the engine redraws sprites this frame. Cleared around anything that writes video RAM by hand.
WRAM0	-	$CFCC	1	wEnemyMoveNum	entry	WRAM	scratch	rom,live	
WRAM0	-	$CFCD	1	wEnemyMoveEffect	entry	WRAM	scratch	rom,live	
WRAM0	-	$CFCE	1	wEnemyMovePower	entry	WRAM	scratch	rom,live	
WRAM0	-	$CFCF	1	wEnemyMoveType	entry	WRAM	scratch	rom,live	
WRAM0	-	$CFD0	1	wEnemyMoveAccuracy	entry	WRAM	scratch	rom,live	
WRAM0	-	$CFD1	1	wEnemyMoveMaxPP	entry	WRAM	scratch		The maximum PP of the move the opponent just selected, read from the move data table before the battle menu shows it. Measured across a real playthrough (walk, a forced battle, menus): changed value, during battle; values seen: [25, 30].
WRAM0	-	$CFD2	1	wPlayerMoveNum	entry	WRAM	scratch	rom,live	
WRAM0	-	$CFD3	1	wPlayerMoveEffect	entry	WRAM	scratch	rom,live	
WRAM0	-	$CFD4	1	wPlayerMovePower	entry	WRAM	scratch	rom,live	
WRAM0	-	$CFD5	1	wPlayerMoveType	entry	WRAM	scratch	rom,live	
WRAM0	-	$CFD6	1	wPlayerMoveAccuracy	entry	WRAM	scratch	rom,live	
WRAM0	-	$CFD7	1	wPlayerMoveMaxPP	entry	WRAM	scratch	live	
WRAM0	-	$CFD8	1	wEnemyMonSpecies2	entry	WRAM	battle	rom,live	The species the battle initialiser branches on, written before `wEnemyMon` is filled.
WRAM0	-	$CFD9	1	wBattleMonSpecies2	entry	WRAM	battle	rom,live	Your active Pokemon's species, kept outside the structure.
WRAM0	-	$CFDA	11	wEnemyMonNick	entry	WRAM	battle	rom,live	The nickname shown above the opponent.
WRAM0	-	$CFE5	1	wEnemyMonSpecies	entry	WRAM	battle	rom,live	Species **internal index** — not the Pokedex number. `PokedexOrder` converts.
WRAM0	-	$CFE5	1	wEnemyMon	alias	WRAM	battle	rom,live	The opponent's active Pokemon, the same 29-byte `battle_struct`.
WRAM0	-	$CFE6	2	wEnemyMonHP	entry	WRAM	battle	rom,live	Current HP, **big-endian**.
WRAM0	-	$CFE8	1	wEnemyMonBoxLevel	entry	WRAM	battle	rom,live	The level as stored. Kept in step with `Level` for a party Pokemon; for a stored one it is the only level there is.
WRAM0	-	$CFE8	1	wEnemyMonPartyPos	alias	WRAM	battle	rom,live	Which party slot this battler came from. Occupies the byte a party structure uses for `BoxLevel`.
WRAM0	-	$CFE9	1	wEnemyMonStatus	entry	WRAM	battle	rom,live	Sleep, poison, burn, freeze, paralysis, as one byte of flags and a sleep counter.
WRAM0	-	$CFEA	1	wEnemyMonType1	entry	WRAM	battle	rom,live	First type.
WRAM0	-	$CFEA	1	wEnemyMonType	alias	WRAM	battle	rom,live	The opponent's two type bytes as a pair, `Type1` then `Type2`.
WRAM0	-	$CFEB	1	wEnemyMonType2	instance	WRAM	battle	rom,live	Second type; equal to `Type1` for a single-typed Pokemon.
WRAM0	-	$CFEC	1	wEnemyMonCatchRate	entry	WRAM	battle	live	The species' base catch rate, copied in at capture. Held item in later generations; here it is the ball maths.
WRAM0	-	$CFED	4	wEnemyMonMoves	entry	WRAM	battle	rom,live	Four move ids, 0 for an empty slot.
WRAM0	-	$CFF1	2	wEnemyMonDVs	entry	WRAM	battle	rom,live	Two bytes, four nybbles: attack, defense, speed, special. **The HP DV is not stored** — it is assembled from bit 0 of the other four, most significant first. These sixteen bits are the whole of what makes one Pokemon differ from another of its species and level.
WRAM0	-	$CFF3	1	wEnemyMonLevel	entry	WRAM	battle	rom,live	The level the stats below were computed at.
WRAM0	-	$CFF4	2	wEnemyMonMaxHP	entry	WRAM	battle	rom,live	Computed maximum HP, big-endian.
WRAM0	-	$CFF4	2	wEnemyMonStats	alias	WRAM	battle	rom,live	Label for the five computed stats as one run.
WRAM0	-	$CFF6	2	wEnemyMonAttack	entry	WRAM	battle	rom,live	Computed Attack, big-endian.
WRAM0	-	$CFF8	2	wEnemyMonDefense	entry	WRAM	battle	rom,live	Computed Defense, big-endian.
WRAM0	-	$CFFA	2	wEnemyMonSpeed	entry	WRAM	battle	rom,live	Computed Speed, big-endian.
WRAM0	-	$CFFC	2	wEnemyMonSpecial	entry	WRAM	battle	rom,live	Computed Special, big-endian. One stat here; Gen 2 splits it in two.
WRAM0	-	$CFFE	4	wEnemyMonPP	entry	WRAM	battle	rom,live	Four bytes: current PP in the low 6 bits, PP Ups applied in the top 2.
WRAM0	-	$D002	5	wEnemyMonBaseStats	entry	WRAM	battle	rom,live	
WRAM0	-	$D007	1	wEnemyMonActualCatchRate	entry	WRAM	battle	rom,live	The catch rate the ball routine actually reads — **not** the species' base rate, because Safari bait and rocks move it.
WRAM0	-	$D008	1	wEnemyMonBaseExp	entry	WRAM	battle	rom	The opponent's species' base experience yield, copied in when the battle starts so the reward can be computed without re-reading the species table afterward. Measured across a real playthrough (walk, a forced battle, menus): changed value, during battle-trigger; values seen: [204].
WRAM0	-	$D009	11	wBattleMonNick	entry	WRAM	battle	rom,live	The nickname shown above your side of the battle.
WRAM0	-	$D014	1	wBattleMonSpecies	entry	WRAM	battle	rom,live	Species **internal index** — not the Pokedex number. `PokedexOrder` converts.
WRAM0	-	$D014	1	wBattleMon	alias	WRAM	battle	rom,live,inv	Your active Pokemon as the battle engine sees it: a 29-byte `battle_struct`, **not** the 44-byte party shape. Original trainer, experience and stat experience are gone, so the level and the five stats sit at different offsets — confusing the two is the classic way to produce a level 6,400 Pokemon. The level here is also what a critical hit doubles: Generation 1 substitutes twice the level into the damage formula, so the worst critical outcome is above the best ordinary one.
WRAM0	-	$D015	2	wBattleMonHP	entry	WRAM	battle	rom,live	Current HP, **big-endian**.
WRAM0	-	$D017	1	wBattleMonBoxLevel	entry	WRAM	battle	live	The level as stored. Kept in step with `Level` for a party Pokemon; for a stored one it is the only level there is.
WRAM0	-	$D017	1	wBattleMonPartyPos	alias	WRAM	battle	live	Which party slot this battler came from. Occupies the byte a party structure uses for `BoxLevel`.
WRAM0	-	$D018	1	wBattleMonStatus	entry	WRAM	battle	rom,live	Sleep, poison, burn, freeze, paralysis, as one byte of flags and a sleep counter.
WRAM0	-	$D019	1	wBattleMonType1	entry	WRAM	battle	rom,live	First type.
WRAM0	-	$D019	1	wBattleMonType	alias	WRAM	battle	rom,live	Your active Pokemon's two type bytes as a pair.
WRAM0	-	$D01A	1	wBattleMonType2	instance	WRAM	battle	rom,live	Second type; equal to `Type1` for a single-typed Pokemon.
WRAM0	-	$D01B	1	wBattleMonCatchRate	entry	WRAM	battle	live	The species' base catch rate, copied in at capture. Held item in later generations; here it is the ball maths.
WRAM0	-	$D01C	4	wBattleMonMoves	entry	WRAM	battle	rom,live	Four move ids, 0 for an empty slot.
WRAM0	-	$D020	2	wBattleMonDVs	entry	WRAM	battle	rom,live	Two bytes, four nybbles: attack, defense, speed, special. **The HP DV is not stored** — it is assembled from bit 0 of the other four, most significant first. These sixteen bits are the whole of what makes one Pokemon differ from another of its species and level.
WRAM0	-	$D022	1	wBattleMonLevel	entry	WRAM	battle	rom,live	The level the stats below were computed at.
WRAM0	-	$D023	2	wBattleMonMaxHP	entry	WRAM	battle	rom,live	Computed maximum HP, big-endian.
WRAM0	-	$D023	2	wBattleMonStats	alias	WRAM	battle	rom,live	Label for the five computed stats as one run.
WRAM0	-	$D025	2	wBattleMonAttack	entry	WRAM	battle	rom,live	Computed Attack, big-endian.
WRAM0	-	$D027	2	wBattleMonDefense	entry	WRAM	battle	rom,live	Computed Defense, big-endian.
WRAM0	-	$D029	2	wBattleMonSpeed	entry	WRAM	battle	rom,live	Computed Speed, big-endian.
WRAM0	-	$D02B	2	wBattleMonSpecial	entry	WRAM	battle	rom,live	Computed Special, big-endian. One stat here; Gen 2 splits it in two.
WRAM0	-	$D02D	4	wBattleMonPP	entry	WRAM	battle	rom,live,inv	Four bytes: current PP in the low 6 bits, PP Ups applied in the top 2.
WRAM0	-	$D031	2	wTrainerClass	entry	WRAM	scratch	rom,live,inv	The class of the trainer being fought.
WRAM0	-	$D033	3	wTrainerPicPointer	entry	WRAM	scratch	rom,live	
WRAM0	-	$D036	16	wLearnMoveMonName	entry	WRAM	scratch	rom,live	
WRAM0	-	$D036	16	wTempMoveNameBuffer	alias	WRAM	scratch	rom,live	
WRAM0	-	$D046	2	wTrainerBaseMoney	entry	WRAM	scratch	rom,live	
WRAM0	-	$D048	2	wToggleableObjectCounter	entry	WRAM	events	rom,live	
WRAM0	-	$D04A	13	wTrainerName	entry	WRAM	scratch	rom,live	The trainer's name, `$50`-terminated.
WRAM0	-	$D057	1	wIsInBattle	entry	WRAM	battle	rom,live	What kind of battle is running: 0 none, 1 wild, 2 trainer — and **`$FF` means the player blacked out**, which is neither. A catch-all arm that treats anything non-zero as a trainer battle will show a battle panel in the overworld full of stale data.
WRAM0	-	$D058	1	wPartyGainExpFlags	entry	WRAM	party	rom,live	One bit per party slot: who was in the battle and therefore earns experience.
WRAM0	-	$D059	1	wCurOpponent	entry	WRAM	battle	rom,live	**The byte that starts a battle.** The overworld loop polls it every frame; non-zero means fight. Below 200 it is a species (a wild battle at `wCurEnemyLevel`), at or above 200 it is a trainer class plus that offset. This is what the game's own debug menu writes.
WRAM0	-	$D05A	1	wBattleType	entry	WRAM	battle	rom,live	0 normal, 1 the old man's tutorial, 2 Safari Zone. The tutorial is a real wild battle with real rolled DVs, but its Pokemon can never be added to the party.
WRAM0	-	$D05B	1	wDamageMultipliers	entry	WRAM	battle	rom,live	
WRAM0	-	$D05C	1	wGymLeaderNo	entry	WRAM	battle	rom,live	
WRAM0	-	$D05C	1	wLoneAttackNo	alias	WRAM	battle	rom,live	
WRAM0	-	$D05D	1	wTrainerNo	entry	WRAM	battle	rom,live	Which roster of the trainer class to build, once `wCurOpponent` has named the class.
WRAM0	-	$D05E	1	wCriticalHitOrOHKO	entry	WRAM	battle	rom,live	Whether the damage calculation produced a critical hit or a one-hit knockout.
WRAM0	-	$D05F	1	wMoveMissed	entry	WRAM	battle	rom,live	Set when the accuracy check failed. Gen 1 gives even a 100%-accuracy move a 1-in-256 chance of landing here.
WRAM0	-	$D060	1	wPlayerStatsToDouble	entry	WRAM	scratch	rom,live	First of the five bytes `SendOutMon` zeroes when a Pokemon comes out — `$D060` to `$D064`, which takes in all three of your side's battle-status bytes. That is what makes a Generation 1 screen belong to the Pokemon rather than to the side.
WRAM0	-	$D060	1	wBattleStatusData	alias	WRAM	scratch	rom,live	
WRAM0	-	$D061	1	wPlayerStatsToHalve	entry	WRAM	scratch	rom,live	
WRAM0	-	$D062	1	wPlayerBattleStatus1	entry	WRAM	battle	rom,live	Volatile battle state for your side: confusion, trapping, flinching and the rest, one bit each.
WRAM0	-	$D063	1	wPlayerBattleStatus2	instance	WRAM	battle	rom,live	The second volatile byte for your side. It carries `GETTING_PUMPED`, the FOCUS ENERGY bit, with no counter beside it — and in Generation 1 that bit **quarters** the critical-hit rate instead of raising it, because `CriticalHitTest` shifts the wrong way. Measured for a base-Speed-140 Electrode: 0.2604 of 960 attacks crit without it, 0.0612 of 588 with.
WRAM0	-	$D064	1	wPlayerBattleStatus3	instance	WRAM	battle	rom,live	The third volatile byte for your side. Bit 1 is LIGHT SCREEN and bit 2 is REFLECT, and in Generation 1 **both belong to the Pokemon, not to the side**: `SendOutMon` zeroes this byte, so a screen does not survive a switch. Measured driving a real voluntary switch: `$04` with REFLECT up, `$00` immediately afterwards, with the opponent's copy at `$00` throughout.
WRAM0	-	$D065	1	wEnemyStatsToDouble	entry	WRAM	scratch	rom,live	The opponent's copy, `$D065` to `$D069`; `EnemySendOut` and `EnemySendOutFirstMon` zero it the same way.
WRAM0	-	$D066	1	wEnemyStatsToHalve	entry	WRAM	scratch	rom,live	
WRAM0	-	$D067	1	wEnemyBattleStatus1	entry	WRAM	battle	rom,live	The same volatile state for the opponent.
WRAM0	-	$D068	1	wEnemyBattleStatus2	instance	WRAM	battle	rom,live	The opponent's copy of the second volatile byte.
WRAM0	-	$D069	1	wEnemyBattleStatus3	instance	WRAM	battle	rom,live	The opponent's copy of the third volatile byte, screens included.
WRAM0	-	$D06A	1	wPlayerNumAttacksLeft	entry	WRAM	battle	rom,live	Turns left on a multi-turn move. **A trapping move that misses leaves this standing**: `TrappingEffect` runs before the hit test and `MoveHitTest`'s miss path clears the status flag without clearing the counter, so the next roll looks exactly like a decrement of the old one. Key a measurement on the flag, not on this byte.
WRAM0	-	$D06B	1	wPlayerConfusedCounter	entry	WRAM	scratch	rom,live	Turns of confusion left on your side. **Measured over 97 applications**: the byte holds 2 to 5 when freshly applied and steps down by one a turn, so the Pokemon acts confused on one fewer turn than the number rolled and is clear again on the turn it reaches zero.
WRAM0	-	$D06C	1	wPlayerToxicCounter	entry	WRAM	scratch	rom,live	How many times the badly-poisoned drain has ticked on your side. The residual is `max(1, maxHP/16)` multiplied by this, so it grows every turn. **Nothing in the game bounds it** — the byte is incremented and never compared — and it is not one of the bytes a switch clears, so switching out downgrades TOXIC to ordinary poison and leaves the count standing. Measured: 5 in a plain battle, 10 against a target healing itself.
WRAM0	-	$D06D	2	wPlayerDisabledMove	entry	WRAM	battle	rom,live	Which of your moves DISABLE has locked, and for how long, packed into one byte: the move slot 1-4 in the high nybble and the countdown in the low one. **Measured over 136 applications**: the countdown is drawn uniformly from 1 to 8, and the move menu refuses the slot for as long as the byte is non-zero.
WRAM0	-	$D06F	1	wEnemyNumAttacksLeft	entry	WRAM	battle	rom,live	Turns left on the opponent's multi-turn move, and it carries the same trap as your side's copy: a trapping move that misses clears the flag and leaves this standing.
WRAM0	-	$D070	1	wEnemyConfusedCounter	entry	WRAM	scratch	rom,live	The same for the opponent.
WRAM0	-	$D071	1	wEnemyToxicCounter	entry	WRAM	scratch	rom,live	The same for the opponent.
WRAM0	-	$D072	2	wEnemyDisabledMove	entry	WRAM	battle	rom,live	The same for the opponent.
WRAM0	-	$D074	4	wUnknownSerialCounter2	entry	WRAM	scratch	rom,live	
WRAM0	-	$D074	4	wPlayerBideAccumulatedDamage	alias	WRAM	scratch	rom,live	
WRAM0	-	$D074	4	wPlayerNumHits	alias	WRAM	scratch	rom,live	
WRAM0	-	$D078	1	wEscapedFromBattle	entry	WRAM	battle	rom,live	Set when a run attempt succeeded.
WRAM0	-	$D078	1	wBattleStatusDataEnd	alias	WRAM	battle	rom,live	
WRAM0	-	$D079	1	wObjectToHide	entry	WRAM	scratch	rom,live	
WRAM0	-	$D079	1	wAmountMoneyWon	alias	WRAM	scratch	rom,live	
WRAM0	-	$D07A	2	wObjectToShow	entry	WRAM	scratch	rom,live	
WRAM0	-	$D07C	1	wAnimationID	entry	WRAM	battle	rom,live	
WRAM0	-	$D07C	1	wDefaultMap	alias	WRAM	battle	rom,live	
WRAM0	-	$D07C	1	wMenuItemOffset	alias	WRAM	battle	rom,live	
WRAM0	-	$D07D	1	wTempTilesetNumTiles	entry	WRAM	scratch	rom,live	
WRAM0	-	$D07D	1	wNamingScreenType	alias	WRAM	scratch	rom,live	
WRAM0	-	$D07D	1	wPartyMenuTypeOrMessageID	alias	WRAM	scratch	rom,live	
WRAM0	-	$D07E	3	wSavedListScrollOffset	entry	WRAM	scratch	rom,live	
WRAM0	-	$D081	1	wBaseCoordX	entry	WRAM	battle	rom,live	
WRAM0	-	$D082	1	wBaseCoordY	entry	WRAM	battle	rom,live	
WRAM0	-	$D083	1	wLowHealthAlarm	entry	WRAM	battle	rom,live	The state of the low-HP beep, which is its own channel and outlives the battle music.
WRAM0	-	$D084	1	wFBTileCounter	entry	WRAM	battle	rom,live	How many tiles the current battle-transition animation has drawn so far. Measured across a real playthrough (walk, a forced battle, menus): written from 3 places, chiefly bank 30 `$4016`, during battle, intro; 14 distinct values seen, 0-16.
WRAM0	-	$D085	1	wMovingBGTilesCounter2	entry	WRAM	scratch	rom,live	A second counter for the moving-background battle-transition effect, alongside its own first counter. Measured across a real playthrough (walk, a forced battle, menus): written from 3 places, chiefly bank 6 `$1ED9`, during battle, battle-trigger, intro, walk/menus; values seen: [0, 1, 2, 3, 4, 5, 6, 7].
WRAM0	-	$D086	1	wSubAnimFrameDelay	entry	WRAM	scratch	rom,live	
WRAM0	-	$D087	1	wSubAnimCounter	entry	WRAM	scratch	rom,live	
WRAM0	-	$D088	1	wSaveFileStatus	entry	WRAM	scratch	rom,live	
WRAM0	-	$D089	1	wNumFBTiles	entry	WRAM	scratch	rom,live	
WRAM0	-	$D08A	1	wUnusedWaterDropletsByte	entry	WRAM	scratch	rom,live	
WRAM0	-	$D08A	1	wCoordAdjustmentAmount	alias	WRAM	scratch	rom,live	
WRAM0	-	$D08A	1	wFallingObjectMovementByte	alias	WRAM	scratch	rom,live	
WRAM0	-	$D08A	1	wFlashScreenLongCounter	alias	WRAM	scratch	rom,live	
WRAM0	-	$D08A	1	wNewSlotMachineBallTile	alias	WRAM	scratch	rom,live	
WRAM0	-	$D08A	1	wNumShootingBalls	alias	WRAM	scratch	rom,live	
WRAM0	-	$D08A	1	wOptionsInitialized	alias	WRAM	scratch	rom,live	
WRAM0	-	$D08A	1	wSpiralBallsBaseY	alias	WRAM	scratch	rom,live	
WRAM0	-	$D08A	1	wTradedMonMovingRight	alias	WRAM	scratch	rom,live	
WRAM0	-	$D08B	1	wSubAnimTransform	entry	WRAM	scratch	rom,live	
WRAM0	-	$D08B	1	wAnimCounter	alias	WRAM	scratch	rom,live	
WRAM0	-	$D08B	1	wNumFallingObjects	alias	WRAM	scratch	rom,live	
WRAM0	-	$D08B	1	wSlideMonDelay	alias	WRAM	scratch	rom,live	
WRAM0	-	$D08B	1	wSpiralBallsBaseX	alias	WRAM	scratch	rom,live	
WRAM0	-	$D08C	2	wEndBattleWinTextPointer	entry	WRAM	scratch	rom,live	
WRAM0	-	$D08E	4	wEndBattleLoseTextPointer	entry	WRAM	scratch	rom,live	
WRAM0	-	$D092	2	wEndBattleTextRomBank	entry	WRAM	scratch	rom,live	
WRAM0	-	$D094	2	wSubAnimAddrPtr	entry	WRAM	scratch	rom,live	
WRAM0	-	$D096	4	wSlotMachineAllowMatchesCounter	entry	WRAM	scratch	rom,live	
WRAM0	-	$D096	4	wSubAnimSubEntryAddr	alias	WRAM	scratch	rom,live	
WRAM0	-	$D09A	1	wOutwardSpiralTileMapPointer	entry	WRAM	scratch	rom,live	
WRAM0	-	$D09B	1	wUnusedMoveAnimByte	entry	WRAM	scratch	rom,live	
WRAM0	-	$D09B	1	wPartyMenuAnimMonEnabled	alias	WRAM	scratch	rom,live	
WRAM0	-	$D09B	1	wTownMapSpriteBlinkingEnabled	alias	WRAM	scratch	rom,live	
WRAM0	-	$D09C	2	wFBDestAddr	entry	WRAM	battle	rom,live	
WRAM0	-	$D09E	1	wFBMode	entry	WRAM	battle	rom,live	
WRAM0	-	$D09F	1	wSlideMonUpBottomRowLeftTile	entry	WRAM	scratch	rom,live	
WRAM0	-	$D09F	1	wDropletTile	alias	WRAM	scratch	rom,live	
WRAM0	-	$D09F	1	wIntroNidorinoBaseTile	alias	WRAM	scratch	rom,live	
WRAM0	-	$D09F	1	wLinkCableAnimBulgeToggle	alias	WRAM	scratch	rom,live	
WRAM0	-	$D09F	1	wNewTileBlockID	alias	WRAM	scratch	rom,live	
WRAM0	-	$D09F	1	wOutwardSpiralCurrentDirection	alias	WRAM	scratch	rom,live	
WRAM0	-	$D09F	1	wSquishMonCurrentDirection	alias	WRAM	scratch	rom,live	
WRAM0	-	$D09F	1	wWhichBattleAnimTileset	alias	WRAM	scratch	rom,live	
WRAM0	-	$D0A0	1	wDisableVBlankWYUpdate	entry	WRAM	scratch	rom,live	
WRAM0	-	$D0A1	1	wSpriteCurPosX	entry	WRAM	graphics	rom,live	Column the decompressor is filling.
WRAM0	-	$D0A2	1	wSpriteCurPosY	entry	WRAM	scratch	rom,live	Row the decompressor is filling.
WRAM0	-	$D0A3	1	wSpriteWidth	entry	WRAM	graphics	rom,live	Width of the picture being decompressed, in tiles.
WRAM0	-	$D0A4	1	wSpriteHeight	entry	WRAM	graphics	rom,live	Height of the picture being decompressed, in tiles.
WRAM0	-	$D0A5	1	wSpriteInputCurByte	entry	WRAM	scratch	rom,live	
WRAM0	-	$D0A6	1	wSpriteInputBitCounter	entry	WRAM	graphics	rom,live	
WRAM0	-	$D0A7	1	wSpriteOutputBitOffset	entry	WRAM	graphics	rom,live	
WRAM0	-	$D0A8	1	wSpriteLoadFlags	entry	WRAM	graphics	rom,live	Which of the two bitplanes are being produced and how they are combined. Gen 1 stores the two planes of a 2bpp picture as a run-length-coded bit stream plus an optional XOR of one plane against the other, which is why the same picture can be encoded three ways.
WRAM0	-	$D0A9	1	wSpriteUnpackMode	entry	WRAM	graphics	rom,live	
WRAM0	-	$D0AA	1	wSpriteFlipped	entry	WRAM	graphics	rom,live	Whether this picture is stored mirrored.
WRAM0	-	$D0AB	2	wSpriteInputPtr	entry	WRAM	graphics	rom,live	Where the sprite decompressor is reading from.
WRAM0	-	$D0AD	2	wSpriteOutputPtr	entry	WRAM	graphics	rom,live	Where it is writing to in the cartridge-RAM buffers.
WRAM0	-	$D0AF	2	wSpriteOutputPtrCached	entry	WRAM	graphics	rom,live	
WRAM0	-	$D0B1	2	wSpriteDecodeTable0Ptr	entry	WRAM	graphics	rom,live	One of the two nybble-expansion tables the decompressor alternates between.
WRAM0	-	$D0B3	2	wSpriteDecodeTable1Ptr	entry	WRAM	graphics	rom,live	The other nybble-expansion table.
WRAM0	-	$D0B5	1	wNameListIndex	entry	WRAM	scratch	rom,live	
WRAM0	-	$D0B5	1	wCurSpecies	alias	WRAM	scratch	rom,live	
WRAM0	-	$D0B6	1	wNameListType	entry	WRAM	scratch	rom,live	
WRAM0	-	$D0B7	1	wPredefBank	entry	WRAM	system	rom,live	Which ROM bank the `Predef` call currently in progress needs mapped in — `Predef` is the game's own generic banked-subroutine-call mechanism, and this is where it stashes the destination. Measured across a real playthrough (walk, a forced battle, menus): written from 3 places, chiefly bank 19 `$7E6F`, during battle, battle-trigger, intro, post-battle menus, walk/menus; 12 distinct values seen, 0-44.
WRAM0	-	$D0B8	1	wMonHIndex	entry	WRAM	scratch	rom,live	
WRAM0	-	$D0B8	1	wMonHeader	alias	WRAM	scratch	rom,live	
WRAM0	-	$D0B9	1	wMonHBaseHP	entry	WRAM	scratch	rom,live	
WRAM0	-	$D0B9	1	wMonHBaseStats	alias	WRAM	scratch	rom,live	
WRAM0	-	$D0BA	1	wMonHBaseAttack	entry	WRAM	scratch	live	
WRAM0	-	$D0BB	1	wMonHBaseDefense	entry	WRAM	scratch	live	
WRAM0	-	$D0BC	1	wMonHBaseSpeed	entry	WRAM	scratch	rom,live	The species' **base** Speed, as `GetMonHeader` loaded it. `CriticalHitTest` reads it here and not the in-battle stat, so the critical-hit rate is half the base Speed out of 256 and neither a SWORDS DANCE nor a paralysis moves it. Measured for a base-Speed-140 Electrode: 250 crits in 960 attacks.
WRAM0	-	$D0BD	1	wMonHBaseSpecial	entry	WRAM	scratch	live	
WRAM0	-	$D0BE	1	wMonHType1	entry	WRAM	scratch	rom,live	
WRAM0	-	$D0BE	1	wMonHTypes	alias	WRAM	scratch	rom,live	
WRAM0	-	$D0BF	1	wMonHType2	instance	WRAM	scratch	rom,live	
WRAM0	-	$D0C0	1	wMonHCatchRate	entry	WRAM	scratch	rom,live	
WRAM0	-	$D0C1	1	wMonHBaseEXP	entry	WRAM	scratch	live	
WRAM0	-	$D0C2	1	wMonHSpriteDim	entry	WRAM	scratch	rom,live	
WRAM0	-	$D0C3	2	wMonHFrontSprite	entry	WRAM	scratch	rom,live	
WRAM0	-	$D0C5	2	wMonHBackSprite	entry	WRAM	scratch	live	
WRAM0	-	$D0C7	4	wMonHMoves	entry	WRAM	scratch	rom,live	
WRAM0	-	$D0CB	1	wMonHGrowthRate	entry	WRAM	scratch	rom,live	
WRAM0	-	$D0CC	8	wMonHLearnset	entry	WRAM	scratch	rom,live	
WRAM0	-	$D0D4	3	wSavedTileAnimations	entry	WRAM	scratch	rom,live	
WRAM0	-	$D0D4	3	wMonHeaderEnd	alias	WRAM	scratch	rom,live	
WRAM0	-	$D0D7	4	wDamage	entry	WRAM	battle	rom,live	Damage for the current hit, big-endian.
WRAM0	-	$D0DB	1	wRepelRemainingSteps	entry	WRAM	scratch	rom,live	
WRAM0	-	$D0DC	4	wMoves	entry	WRAM	scratch	rom,live	
WRAM0	-	$D0E0	1	wMoveNum	entry	WRAM	scratch	rom,live	
WRAM0	-	$D0E1	56	wMovesString	entry	WRAM	scratch	rom,live	
WRAM0	-	$D119	1	wUnusedCurMapTilesetCopy	entry	WRAM	scratch	rom,live	
WRAM0	-	$D11A	1	wWalkBikeSurfStateCopy	entry	WRAM	overworld	rom,live	
WRAM0	-	$D11B	1	wInitListType	entry	WRAM	scratch	rom,live	
WRAM0	-	$D11C	1	wCapturedMonSpecies	entry	WRAM	scratch	rom,live	
WRAM0	-	$D11D	1	wFirstMonsNotOutYet	entry	WRAM	scratch	rom,live	
WRAM0	-	$D11E	1	wPokeBallAnimData	entry	WRAM	scratch	rom,live	What the ball animation is going to show. **The shake count is cosmetic**: everything that computes it runs after the capture has already been decided, so three shakes is not a near miss — the miss happened earlier.
WRAM0	-	$D11E	1	wCalculateWhoseStats	alias	WRAM	scratch	rom,live	
WRAM0	-	$D11E	1	wMaxPP	alias	WRAM	scratch	rom,live	
WRAM0	-	$D11E	1	wMoveGrammar	alias	WRAM	scratch	rom,live	
WRAM0	-	$D11E	1	wMoveType	alias	WRAM	scratch	rom,live	
WRAM0	-	$D11E	1	wNamedObjectIndex	alias	WRAM	scratch	rom,live	
WRAM0	-	$D11E	1	wNumSetBits	alias	WRAM	scratch	rom,live	
WRAM0	-	$D11E	1	wPokeBallCaptureCalcTemp	alias	WRAM	scratch	rom,live	
WRAM0	-	$D11E	1	wPokedexNum	alias	WRAM	scratch	rom,live	
WRAM0	-	$D11E	1	wTempByteValue	alias	WRAM	scratch	rom,live	
WRAM0	-	$D11E	1	wTempTMHM	alias	WRAM	scratch	rom,live	
WRAM0	-	$D11E	1	wTypeEffectiveness	alias	WRAM	scratch	rom,live	
WRAM0	-	$D11E	1	wUsingPPUp	alias	WRAM	scratch	rom,live	
WRAM0	-	$D11F	1	wForcePlayerToChooseMon	entry	WRAM	scratch	rom,live	
WRAM0	-	$D120	1	wNumRunAttempts	entry	WRAM	battle	rom,live	How many times you have tried to run this battle; each attempt makes the next more likely.
WRAM0	-	$D121	1	wEvolutionOccurred	entry	WRAM	scratch	rom,live	
WRAM0	-	$D122	2	wVBlankSavedROMBank	entry	WRAM	scratch	rom,live	
WRAM0	-	$D124	1	wIsKeyItem	entry	WRAM	system	rom,live	
WRAM0	-	$D125	1	wTextBoxID	entry	WRAM	screen	rom,live	Which text box shape to draw.
WRAM0	-	$D126	1	wCurrentMapScriptFlags	entry	WRAM	overworld	rom,live	
WRAM0	-	$D127	1	wCurEnemyLevel	entry	WRAM	battle	rom,live	The level a wild opponent is generated at.
WRAM0	-	$D128	2	wItemListPointer	entry	WRAM	scratch	rom,live	
WRAM0	-	$D12A	1	wListCount	entry	WRAM	screen	rom,live	
WRAM0	-	$D12B	1	wLinkState	entry	WRAM	link	rom,live	What the link cable is doing. Non-zero means the console is in the Cable Club, and the value distinguishes trading from battling — which is why a virtual link partner that only knows how to trade can walk into a real battle.
WRAM0	-	$D12C	1	wTwoOptionMenuID	entry	WRAM	scratch	rom,live	
WRAM0	-	$D12D	1	wOutOfBattleBlackout	entry	WRAM	scratch	rom,live	
WRAM0	-	$D12D	1	wChosenMenuItem	alias	WRAM	scratch	rom,live	
WRAM0	-	$D12E	1	wMenuExitMethod	entry	WRAM	screen	rom,live	
WRAM0	-	$D12F	1	wGymGateTileBlock	entry	WRAM	scratch	rom,live	
WRAM0	-	$D12F	1	wDungeonWarpDataEntrySize	alias	WRAM	scratch	rom,live	
WRAM0	-	$D12F	1	wWhichPewterGuy	alias	WRAM	scratch	rom,live	
WRAM0	-	$D12F	1	wWhichPrizeWindow	alias	WRAM	scratch	rom,live	
WRAM0	-	$D130	1	wSavedSpriteScreenY	entry	WRAM	scratch	rom,live	
WRAM0	-	$D131	1	wSavedSpriteScreenX	entry	WRAM	scratch	rom,live	
WRAM0	-	$D132	1	wSavedSpriteMapY	entry	WRAM	scratch	rom,live	
WRAM0	-	$D133	6	wSavedSpriteMapX	entry	WRAM	scratch	rom,live	
WRAM0	-	$D139	1	wWhichPrize	entry	WRAM	scratch	rom,live	
WRAM0	-	$D13A	1	wIgnoreInputCounter	entry	WRAM	scratch	rom,live	A free-running counter (all 256 byte values observed) written on almost every frame — the byte itself, not its name, is what this playthrough actually established; whether it gates input the way its name suggests is not confirmed here. Measured across a real playthrough (walk, a forced battle, menus): written from 3 places, chiefly bank 6 `$4E41`, during battle, battle-trigger, intro, post-battle menus, walk/menus; 256 distinct values seen, 0-255.
WRAM0	-	$D13B	1	wStepCounter	entry	WRAM	overworld	rom,live	
WRAM0	-	$D13C	1	wNumberOfNoRandomBattleStepsLeft	entry	WRAM	scratch	rom,live	
WRAM0	-	$D13D	1	wPrize1	entry	WRAM	bag	rom,live	
WRAM0	-	$D13E	1	wPrize2	instance	WRAM	bag	rom,live	
WRAM0	-	$D13F	2	wPrize3	instance	WRAM	bag	rom,live	
WRAM0	-	$D141	2	wPrize1Price	entry	WRAM	bag	rom,live	A Game Corner prize's cost in coins.
WRAM0	-	$D141	2	wSerialRandomNumberListBlock	alias	WRAM	bag	rom,live	The shared random-number list exchanged before a link battle.
WRAM0	-	$D143	2	wPrize2Price	instance	WRAM	bag	rom,live	
WRAM0	-	$D145	3	wPrize3Price	instance	WRAM	bag	rom,live	
WRAM0	-	$D148	10	wLinkBattleRandomNumberList	entry	WRAM	rng	rom,live	Nine shared seeds used **instead** of `hRandomAdd`/`hRandomSub` during a link battle, advanced by a pure `x*5+1`. Both consoles must roll identically for a link battle to stay in step, which is exactly why it cannot use the divider.
WRAM0	-	$D152	1	wPseudoItemID	entry	WRAM	bag	rom,live	Used when something that is not really an item has to go through the item-use code.
WRAM0	-	$D152	1	wSerialPlayerDataBlock	alias	WRAM	bag	rom,live	The 418-byte party block as it goes onto the wire: trainer name, party count, species list, structures, OT names, nicknames.
WRAM0	-	$D153	3	wUnusedAlreadyOwnedFlag	entry	WRAM	scratch	rom,live	
WRAM0	-	$D156	1	wEvoStoneItemID	entry	WRAM	battle	rom,live	
WRAM0	-	$D157	1	wSavedNPCMovementDirections2Index	entry	WRAM	scratch	rom,live	
WRAM0	-	$D158	11	wPlayerName	entry	WRAM	player	rom,live,inv	Your name, up to 10 characters and a `$50` terminator. This is what the OT field of every Pokemon you catch is compared against, so it is also what decides whether a Pokemon obeys you.
WRAM0	-	$D163	1	wPartyCount	entry	Party Data	party	rom,live,inv	How many Pokemon you are carrying, 0 to 6. **Verified live**: the harness reads it, walks both parallel species lists, and requires them to agree and to be `$FF`-terminated.
WRAM0	-	$D163	1	wPartyDataStart	alias	Party Data	party	rom,live	Label for the first byte of the party block; the same address as `wPartyCount`.
WRAM0	-	$D164	7	wPartySpecies	entry	Party Data	party	rom,live,inv	Six species indices and an `$FF` terminator — a flat list beside the structures, written at a different moment from the copy inside each `party_struct`. The two agreeing is what makes both addresses trustworthy.
WRAM0	-	$D16B	1	wPartyMon1Species	entry	Party Data	party	rom,live	Species **internal index** — not the Pokedex number. `PokedexOrder` converts.
WRAM0	-	$D16B	1	wPartyMon1	alias	Party Data	party	rom,live,inv	Party slot 1, the whole 44-byte `party_struct`.
WRAM0	-	$D16B	1	wPartyMons	alias	Party Data	party	rom,live,inv	Six 44-byte `party_struct`s. See [the structures](structures.md). The species here is the **internal index**, not the Pokedex number.
WRAM0	-	$D16C	2	wPartyMon1HP	entry	Party Data	party	rom,live	Current HP, **big-endian**.
WRAM0	-	$D16E	1	wPartyMon1BoxLevel	entry	Party Data	party	live	The level as stored. Kept in step with `Level` for a party Pokemon; for a stored one it is the only level there is.
WRAM0	-	$D16F	1	wPartyMon1Status	entry	Party Data	party	rom,live	Sleep, poison, burn, freeze, paralysis, as one byte of flags and a sleep counter.
WRAM0	-	$D170	1	wPartyMon1Type1	entry	Party Data	party	live	First type.
WRAM0	-	$D170	1	wPartyMon1Type	alias	Party Data	party	live	The two type bytes as a pair, `Type1` then `Type2`.
WRAM0	-	$D171	1	wPartyMon1Type2	instance	Party Data	party	live	Second type; equal to `Type1` for a single-typed Pokemon.
WRAM0	-	$D172	1	wPartyMon1CatchRate	entry	Party Data	party	live	The species' base catch rate, copied in at capture. Held item in later generations; here it is the ball maths.
WRAM0	-	$D173	4	wPartyMon1Moves	entry	Party Data	party	rom,live	Four move ids, 0 for an empty slot.
WRAM0	-	$D177	2	wPartyMon1OTID	entry	Party Data	party	rom,live	The original trainer's ID, **big-endian**. Compared against `wPlayerID` to decide whether this Pokemon was traded to you.
WRAM0	-	$D179	3	wPartyMon1Exp	entry	Party Data	party	live	Experience, **three bytes big-endian**.
WRAM0	-	$D17C	2	wPartyMon1HPExp	entry	Party Data	party	live	Stat experience for HP, big-endian. Gained per battle and folded into the stat by `CalcStat`.
WRAM0	-	$D17E	2	wPartyMon1AttackExp	entry	Party Data	party	live	Stat experience for Attack.
WRAM0	-	$D180	2	wPartyMon1DefenseExp	entry	Party Data	party	live	Stat experience for Defense.
WRAM0	-	$D182	2	wPartyMon1SpeedExp	entry	Party Data	party	live	Stat experience for Speed.
WRAM0	-	$D184	2	wPartyMon1SpecialExp	entry	Party Data	party	live	Stat experience for Special.
WRAM0	-	$D186	2	wPartyMon1DVs	entry	Party Data	party	live	Two bytes, four nybbles: attack, defense, speed, special. **The HP DV is not stored** — it is assembled from bit 0 of the other four, most significant first. These sixteen bits are the whole of what makes one Pokemon differ from another of its species and level.
WRAM0	-	$D188	4	wPartyMon1PP	entry	Party Data	party	rom,live	Four bytes: current PP in the low 6 bits, PP Ups applied in the top 2.
WRAM0	-	$D18C	1	wPartyMon1Level	entry	Party Data	party	rom,live	The level the stats below were computed at.
WRAM0	-	$D18D	2	wPartyMon1MaxHP	entry	Party Data	party	rom,live	Computed maximum HP, big-endian.
WRAM0	-	$D18D	2	wPartyMon1Stats	alias	Party Data	party	rom,live	Label for the five computed stats as one run.
WRAM0	-	$D18F	2	wPartyMon1Attack	entry	Party Data	party	rom,live	Computed Attack, big-endian.
WRAM0	-	$D191	2	wPartyMon1Defense	entry	Party Data	party	rom,live	Computed Defense, big-endian.
WRAM0	-	$D193	2	wPartyMon1Speed	entry	Party Data	party	rom,live	Computed Speed, big-endian.
WRAM0	-	$D195	2	wPartyMon1Special	entry	Party Data	party	rom,live	Computed Special, big-endian. One stat here; Gen 2 splits it in two.
WRAM0	-	$D197	1	wPartyMon2	instance	Party Data	party	live,inv	
WRAM0	-	$D197	1	wPartyMon2Species	instance	Party Data	party	live	
WRAM0	-	$D198	2	wPartyMon2HP	instance	Party Data	party	live	
WRAM0	-	$D19A	1	wPartyMon2BoxLevel	instance	Party Data	party	rom,live	
WRAM0	-	$D19B	1	wPartyMon2Status	instance	Party Data	party	live	
WRAM0	-	$D19C	1	wPartyMon2Type	instance	Party Data	party	live	
WRAM0	-	$D19C	1	wPartyMon2Type1	instance	Party Data	party	live	
WRAM0	-	$D19D	1	wPartyMon2Type2	instance	Party Data	party	live	
WRAM0	-	$D19E	1	wPartyMon2CatchRate	instance	Party Data	party	live	
WRAM0	-	$D19F	4	wPartyMon2Moves	instance	Party Data	party	rom,live	
WRAM0	-	$D1A3	2	wPartyMon2OTID	instance	Party Data	party	live	
WRAM0	-	$D1A5	3	wPartyMon2Exp	instance	Party Data	party	live	
WRAM0	-	$D1A8	2	wPartyMon2HPExp	instance	Party Data	party	rom,live	
WRAM0	-	$D1AA	2	wPartyMon2AttackExp	instance	Party Data	party	live	
WRAM0	-	$D1AC	2	wPartyMon2DefenseExp	instance	Party Data	party	live	
WRAM0	-	$D1AE	2	wPartyMon2SpeedExp	instance	Party Data	party	live	
WRAM0	-	$D1B0	2	wPartyMon2SpecialExp	instance	Party Data	party	rom,live	
WRAM0	-	$D1B2	2	wPartyMon2DVs	instance	Party Data	party	live	
WRAM0	-	$D1B4	4	wPartyMon2PP	instance	Party Data	party	live	
WRAM0	-	$D1B8	1	wPartyMon2Level	instance	Party Data	party	rom,live	
WRAM0	-	$D1B9	2	wPartyMon2MaxHP	instance	Party Data	party	live	
WRAM0	-	$D1B9	2	wPartyMon2Stats	instance	Party Data	party	live	
WRAM0	-	$D1BB	2	wPartyMon2Attack	instance	Party Data	party	rom,live	
WRAM0	-	$D1BD	2	wPartyMon2Defense	instance	Party Data	party	live	
WRAM0	-	$D1BF	2	wPartyMon2Speed	instance	Party Data	party	live	
WRAM0	-	$D1C1	2	wPartyMon2Special	instance	Party Data	party	rom,live	
WRAM0	-	$D1C3	1	wPartyMon3	instance	Party Data	party	live	
WRAM0	-	$D1C3	1	wPartyMon3Species	instance	Party Data	party	live	
WRAM0	-	$D1C4	2	wPartyMon3HP	instance	Party Data	party	live	
WRAM0	-	$D1C6	1	wPartyMon3BoxLevel	instance	Party Data	party	live	
WRAM0	-	$D1C7	1	wPartyMon3Status	instance	Party Data	party	live	
WRAM0	-	$D1C8	1	wPartyMon3Type	instance	Party Data	party	live	
WRAM0	-	$D1C8	1	wPartyMon3Type1	instance	Party Data	party	live	
WRAM0	-	$D1C9	1	wPartyMon3Type2	instance	Party Data	party	live	
WRAM0	-	$D1CA	1	wPartyMon3CatchRate	instance	Party Data	party	live	
WRAM0	-	$D1CB	4	wPartyMon3Moves	instance	Party Data	party	live	
WRAM0	-	$D1CF	2	wPartyMon3OTID	instance	Party Data	party	live	
WRAM0	-	$D1D1	3	wPartyMon3Exp	instance	Party Data	party	live	
WRAM0	-	$D1D4	2	wPartyMon3HPExp	instance	Party Data	party	live	
WRAM0	-	$D1D6	2	wPartyMon3AttackExp	instance	Party Data	party	rom,live	
WRAM0	-	$D1D8	2	wPartyMon3DefenseExp	instance	Party Data	party	live	
WRAM0	-	$D1DA	2	wPartyMon3SpeedExp	instance	Party Data	party	live	
WRAM0	-	$D1DC	2	wPartyMon3SpecialExp	instance	Party Data	party	rom,live	
WRAM0	-	$D1DE	2	wPartyMon3DVs	instance	Party Data	party	live	
WRAM0	-	$D1E0	4	wPartyMon3PP	instance	Party Data	party	live	
WRAM0	-	$D1E4	1	wPartyMon3Level	instance	Party Data	party	live	
WRAM0	-	$D1E5	2	wPartyMon3MaxHP	instance	Party Data	party	live	
WRAM0	-	$D1E5	2	wPartyMon3Stats	instance	Party Data	party	live	
WRAM0	-	$D1E7	2	wPartyMon3Attack	instance	Party Data	party	live	
WRAM0	-	$D1E9	2	wPartyMon3Defense	instance	Party Data	party	live	
WRAM0	-	$D1EB	2	wPartyMon3Speed	instance	Party Data	party	live	
WRAM0	-	$D1ED	2	wPartyMon3Special	instance	Party Data	party	live	
WRAM0	-	$D1EF	1	wPartyMon4	instance	Party Data	party	live	
WRAM0	-	$D1EF	1	wPartyMon4Species	instance	Party Data	party	live	
WRAM0	-	$D1F0	2	wPartyMon4HP	instance	Party Data	party	live	
WRAM0	-	$D1F2	1	wPartyMon4BoxLevel	instance	Party Data	party	live	
WRAM0	-	$D1F3	1	wPartyMon4Status	instance	Party Data	party	live	
WRAM0	-	$D1F4	1	wPartyMon4Type	instance	Party Data	party	live	
WRAM0	-	$D1F4	1	wPartyMon4Type1	instance	Party Data	party	live	
WRAM0	-	$D1F5	1	wPartyMon4Type2	instance	Party Data	party	live	
WRAM0	-	$D1F6	1	wPartyMon4CatchRate	instance	Party Data	party	live	
WRAM0	-	$D1F7	4	wPartyMon4Moves	instance	Party Data	party	live	
WRAM0	-	$D1FB	2	wPartyMon4OTID	instance	Party Data	party	live	
WRAM0	-	$D1FD	3	wPartyMon4Exp	instance	Party Data	party	live	
WRAM0	-	$D200	2	wPartyMon4HPExp	instance	Party Data	party	live	
WRAM0	-	$D202	2	wPartyMon4AttackExp	instance	Party Data	party	live	
WRAM0	-	$D204	2	wPartyMon4DefenseExp	instance	Party Data	party	rom,live	
WRAM0	-	$D206	2	wPartyMon4SpeedExp	instance	Party Data	party	live	
WRAM0	-	$D208	2	wPartyMon4SpecialExp	instance	Party Data	party	live	
WRAM0	-	$D20A	2	wPartyMon4DVs	instance	Party Data	party	live	
WRAM0	-	$D20C	4	wPartyMon4PP	instance	Party Data	party	live	
WRAM0	-	$D210	1	wPartyMon4Level	instance	Party Data	party	rom,live	
WRAM0	-	$D211	2	wPartyMon4MaxHP	instance	Party Data	party	rom,live	
WRAM0	-	$D211	2	wPartyMon4Stats	instance	Party Data	party	rom,live	
WRAM0	-	$D213	2	wPartyMon4Attack	instance	Party Data	party	live	
WRAM0	-	$D215	2	wPartyMon4Defense	instance	Party Data	party	live	
WRAM0	-	$D217	2	wPartyMon4Speed	instance	Party Data	party	live	
WRAM0	-	$D219	2	wPartyMon4Special	instance	Party Data	party	live	
WRAM0	-	$D21B	1	wPartyMon5	instance	Party Data	party	rom,live	
WRAM0	-	$D21B	1	wPartyMon5Species	instance	Party Data	party	rom,live	
WRAM0	-	$D21C	2	wPartyMon5HP	instance	Party Data	party	rom,live	
WRAM0	-	$D21E	1	wPartyMon5BoxLevel	instance	Party Data	party	live	
WRAM0	-	$D21F	1	wPartyMon5Status	instance	Party Data	party	live	
WRAM0	-	$D220	1	wPartyMon5Type	instance	Party Data	party	live	
WRAM0	-	$D220	1	wPartyMon5Type1	instance	Party Data	party	live	
WRAM0	-	$D221	1	wPartyMon5Type2	instance	Party Data	party	rom,live	
WRAM0	-	$D222	1	wPartyMon5CatchRate	instance	Party Data	party	rom,live	
WRAM0	-	$D223	4	wPartyMon5Moves	instance	Party Data	party	live	
WRAM0	-	$D227	2	wPartyMon5OTID	instance	Party Data	party	live	
WRAM0	-	$D229	3	wPartyMon5Exp	instance	Party Data	party	rom,live	
WRAM0	-	$D22C	2	wPartyMon5HPExp	instance	Party Data	party	live	
WRAM0	-	$D22E	2	wPartyMon5AttackExp	instance	Party Data	party	live	
WRAM0	-	$D230	2	wPartyMon5DefenseExp	instance	Party Data	party	live	
WRAM0	-	$D232	2	wPartyMon5SpeedExp	instance	Party Data	party	live	
WRAM0	-	$D234	2	wPartyMon5SpecialExp	instance	Party Data	party	live	
WRAM0	-	$D236	2	wPartyMon5DVs	instance	Party Data	party	live	
WRAM0	-	$D238	4	wPartyMon5PP	instance	Party Data	party	live	
WRAM0	-	$D23C	1	wPartyMon5Level	instance	Party Data	party	live	
WRAM0	-	$D23D	2	wPartyMon5MaxHP	instance	Party Data	party	live	
WRAM0	-	$D23D	2	wPartyMon5Stats	instance	Party Data	party	live	
WRAM0	-	$D23F	2	wPartyMon5Attack	instance	Party Data	party	live	
WRAM0	-	$D241	2	wPartyMon5Defense	instance	Party Data	party	rom,live	
WRAM0	-	$D243	2	wPartyMon5Speed	instance	Party Data	party	live	
WRAM0	-	$D245	2	wPartyMon5Special	instance	Party Data	party	live	
WRAM0	-	$D247	1	wPartyMon6	instance	Party Data	party	live	
WRAM0	-	$D247	1	wPartyMon6Species	instance	Party Data	party	live	
WRAM0	-	$D248	2	wPartyMon6HP	instance	Party Data	party	live	
WRAM0	-	$D24A	1	wPartyMon6BoxLevel	instance	Party Data	party	live	
WRAM0	-	$D24B	1	wPartyMon6Status	instance	Party Data	party	live	
WRAM0	-	$D24C	1	wPartyMon6Type	instance	Party Data	party	rom,live	
WRAM0	-	$D24C	1	wPartyMon6Type1	instance	Party Data	party	rom,live	
WRAM0	-	$D24D	1	wPartyMon6Type2	instance	Party Data	party	live	
WRAM0	-	$D24E	1	wPartyMon6CatchRate	instance	Party Data	party	rom,live	
WRAM0	-	$D24F	4	wPartyMon6Moves	instance	Party Data	party	live	
WRAM0	-	$D253	2	wPartyMon6OTID	instance	Party Data	party	live	
WRAM0	-	$D255	3	wPartyMon6Exp	instance	Party Data	party	live	
WRAM0	-	$D258	2	wPartyMon6HPExp	instance	Party Data	party	live	
WRAM0	-	$D25A	2	wPartyMon6AttackExp	instance	Party Data	party	live	
WRAM0	-	$D25C	2	wPartyMon6DefenseExp	instance	Party Data	party	live	
WRAM0	-	$D25E	2	wPartyMon6SpeedExp	instance	Party Data	party	rom,live	
WRAM0	-	$D260	2	wPartyMon6SpecialExp	instance	Party Data	party	live	
WRAM0	-	$D262	2	wPartyMon6DVs	instance	Party Data	party	live	
WRAM0	-	$D264	4	wPartyMon6PP	instance	Party Data	party	live	
WRAM0	-	$D268	1	wPartyMon6Level	instance	Party Data	party	rom,live	
WRAM0	-	$D269	2	wPartyMon6MaxHP	instance	Party Data	party	live	
WRAM0	-	$D269	2	wPartyMon6Stats	instance	Party Data	party	live	
WRAM0	-	$D26B	2	wPartyMon6Attack	instance	Party Data	party	live	
WRAM0	-	$D26D	2	wPartyMon6Defense	instance	Party Data	party	live	
WRAM0	-	$D26F	2	wPartyMon6Speed	instance	Party Data	party	live	
WRAM0	-	$D271	2	wPartyMon6Special	instance	Party Data	party	rom,live	
WRAM0	-	$D273	11	wPartyMon1OT	entry	Party Data	party	rom,live	Party slot 1's original-trainer name, 11 bytes.
WRAM0	-	$D273	11	wPartyMonOT	alias	Party Data	party	rom,live,inv	Six 11-byte original-trainer names, one per party slot. Kept outside the structure because the trade protocol sends them as their own block.
WRAM0	-	$D27E	11	wPartyMon2OT	instance	Party Data	party	live	
WRAM0	-	$D289	11	wPartyMon3OT	instance	Party Data	party	live	
WRAM0	-	$D294	11	wPartyMon4OT	instance	Party Data	party	rom,live	
WRAM0	-	$D29F	11	wPartyMon5OT	instance	Party Data	party	live	
WRAM0	-	$D2AA	11	wPartyMon6OT	instance	Party Data	party	live	
WRAM0	-	$D2B5	11	wPartyMon1Nick	entry	Party Data	party	rom,live	Party slot 1's nickname, 11 bytes.
WRAM0	-	$D2B5	11	wPartyMonNicks	alias	Party Data	party	rom,live,inv	Six 11-byte nicknames. A Pokemon with no nickname carries its species name here, which is why renaming and evolving both have to rewrite it.
WRAM0	-	$D2C0	11	wPartyMon2Nick	instance	Party Data	party	live	
WRAM0	-	$D2CB	11	wPartyMon3Nick	instance	Party Data	party	live	
WRAM0	-	$D2D6	11	wPartyMon4Nick	instance	Party Data	party	live	
WRAM0	-	$D2E1	11	wPartyMon5Nick	instance	Party Data	party	live	
WRAM0	-	$D2EC	11	wPartyMon6Nick	instance	Party Data	party	live	
WRAM0	-	$D2F7	0	wPartyDataEnd	entry	Party Data	party	rom,live	One past the party block. Numerically the same address as `wMainDataStart`, which is why the party is saved: it sits immediately below the block a save writes out.
WRAM0	-	$D2F7	19	wPokedexOwned	entry	Main Data	pokedex	rom,live,inv	One bit per Pokedex number, 19 bytes for 151 species: caught. **Verified live** — every owned bit must also be set in `wPokedexSeen`, which is a claim about both addresses at once and far stronger than either alone.
WRAM0	-	$D2F7	19	wMainDataStart	alias	Main Data	pokedex	rom,live	**The save boundary.** Everything from here to `wMainDataEnd` is what a save writes into cartridge RAM. A tool that writes only below this address cannot corrupt a `.sav` however wrong it is, which is the guarantee battle control is built on.
WRAM0	-	$D2F7	0	wPartyMonNicksEnd	alias	Party Data	pokedex	rom,live	One past the party nicknames — and numerically the save boundary, which is why the same address is also `wMainDataStart`.
WRAM0	-	$D30A	19	wPokedexSeen	entry	Main Data	pokedex	rom,live,inv	One bit per Pokedex number: encountered. Set by the battle engine the first time a species appears, whether or not you catch it.
WRAM0	-	$D30A	19	wPokedexOwnedEnd	alias	Main Data	pokedex	rom,live	One past the owned array.
WRAM0	-	$D31D	1	wNumBagItems	entry	Main Data	bag	rom,live,inv	How many *kinds* of item are in the bag, 0 to 20. **Verified live** against the terminator.
WRAM0	-	$D31D	1	wPokedexSeenEnd	alias	Main Data	bag	rom,live	One past the seen array.
WRAM0	-	$D31E	41	wBagItems	entry	Main Data	bag	rom,live,inv	Twenty (item id, quantity) pairs and an `$FF` terminator. The count, the pairs and the terminator are three statements of the same fact, and the harness requires all three to agree.
WRAM0	-	$D347	3	wPlayerMoney	entry	Main Data	player	rom,live,inv	Money, three bytes of **big-endian BCD** — each nybble is one decimal digit, so the maximum is 999,999. Checked live: the harness refuses any nybble above 9.
WRAM0	-	$D34A	11	wRivalName	entry	Main Data	player	rom,live,inv	The rival's name, same 11-byte field. Used by the script engine when it prints his dialogue.
WRAM0	-	$D355	1	wOptions	entry	Main Data	player	rom,live	The options menu in one byte: text speed in the low bits, battle animation and battle style above them.
WRAM0	-	$D356	1	wObtainedBadges	entry	Main Data	player	rom,live,inv	One bit per gym badge, low bit first in badge order. A badge raises the level at which a traded Pokemon stops obeying, and several enable a field move.
WRAM0	-	$D357	1	wUnusedObtainedBadges	entry	Main Data	player	live	A second badge byte the game keeps but never reads. Kept in the saved block, so it survives in every `.sav`.
WRAM0	-	$D358	1	wLetterPrintingDelayFlags	entry	Main Data	player	rom,live	How many frames the text engine waits between characters. Text speed as the printer sees it, distinct from the menu setting in `wOptions`.
WRAM0	-	$D359	2	wPlayerID	entry	Main Data	player	rom,live	Your trainer ID, **big-endian**. Copied into every Pokemon you catch as its OT ID; a mismatch is how `CheckForDisobedience` decides a Pokemon was traded to you.
WRAM0	-	$D35B	1	wMapMusicSoundID	entry	Main Data	overworld	rom,live	
WRAM0	-	$D35C	1	wMapMusicROMBank	entry	Main Data	overworld	rom,live	
WRAM0	-	$D35D	1	wMapPalOffset	entry	Main Data	overworld	rom,live	
WRAM0	-	$D35E	1	wCurMap	entry	Main Data	overworld	rom,live,inv	The map you are standing on — but **not a test for that map being loaded**. `LoadMapData` opens with a wait for VBlank, so this byte changes a whole frame before `LoadMapHeader` runs; `TryLoadSaveFile` fills it at the top of the main menu, long before CONTINUE is chosen; and for one frame after a warp it names the destination while `wXCoord`/`wYCoord` still name the door you left by. **The other trap**: it is saved state, restored together with the whole map header below it, so writing a different map id without the matching header makes the engine read the new map's blocks through the old map's pointers — observed as an illegal opcode within a second.
WRAM0	-	$D35F	2	wCurrentTileBlockMapViewPointer	entry	Main Data	overworld	rom,live	Where the camera is inside `wOverworldMap`.
WRAM0	-	$D361	1	wYCoord	entry	Main Data	overworld	rom,live,inv	Player position, in 16x16 tiles from the top of the map.
WRAM0	-	$D362	1	wXCoord	entry	Main Data	overworld	rom,live,inv	Player position, in tiles from the left.
WRAM0	-	$D363	1	wYBlockCoord	entry	Main Data	overworld	rom,live	Which half of the current block the player stands in, vertically.
WRAM0	-	$D364	1	wXBlockCoord	entry	Main Data	overworld	rom,live	Which half of the current block, horizontally.
WRAM0	-	$D365	1	wLastMap	entry	Main Data	overworld	rom,live	The map you came from, for a warp that returns you.
WRAM0	-	$D366	1	wUnusedLastMapWidth	entry	Main Data	overworld	rom,live	
WRAM0	-	$D367	1	wCurMapTileset	entry	Main Data	overworld	rom,live	Which tileset the map uses. **Bit 7 is a latch**, not part of the id: `LoadSAV` sets it and `LoadMapHeader` returns without loading anything when it sees it, which is the whole reason a continued game trusts the saved header.
WRAM0	-	$D367	1	wCurMapHeader	alias	Main Data	overworld	rom,live	The whole nine-byte block `LoadMapHeader` copies verbatim out of the map's ROM header, starting at this byte: tileset, height, width, block pointer, text pointer, script pointer, connection bitfield. All of it lives inside `sMainData`, which is why it is the save and not the ROM that a continued game reads a room out of.
WRAM0	-	$D368	1	wCurMapHeight	entry	Main Data	overworld	rom,live,inv	Map height in **32x32 blocks**. Coordinates are in 16x16 tiles, so a map is twice this many tiles tall — report the raw number to anything that thinks in coordinates and it will conclude the player is outside the map.
WRAM0	-	$D369	1	wCurMapWidth	entry	Main Data	overworld	rom,live,inv	Map width in 32x32 blocks. Twice this in tiles. With `wCurMapHeight` it is the cleanest test there is for whether the player is actually standing on a map: `LoadMapHeader` fills both, no real map is 0x0, and measured on the cartridge they read 0 for the first several thousand frames of a new game while `wCurMap` already names the bedroom.
WRAM0	-	$D36A	2	wCurMapDataPtr	entry	Main Data	overworld	rom,live	Where the map's block data lives, in the bank named by the map header.
WRAM0	-	$D36C	2	wCurMapTextPtr	entry	Main Data	overworld	rom,live	The map's text pointer table.
WRAM0	-	$D36E	2	wCurMapScriptPtr	entry	Main Data	events	rom,live	The map's script pointer table.
WRAM0	-	$D370	1	wCurMapConnections	entry	Main Data	overworld	rom,live	Which edges of this map join another, one bit each.
WRAM0	-	$D371	1	wNorthConnectedMap	entry	Main Data	overworld	rom,live	Which map lies north, and the first byte of that direction's 11-byte connection header. `LoadMapHeader` copies one such header per set bit of `wCurMapConnections`; north is bit 3.
WRAM0	-	$D371	1	wCurMapHeaderEnd	alias	Main Data	overworld	rom,live	One past the copied map header, and literally the copy loop's own bound — so the block's length is not inferred.
WRAM0	-	$D371	1	wNorthConnectionHeader	alias	Main Data	overworld	rom,live	The northern connection header as a whole: 11 bytes, present only when bit 3 of `wCurMapConnections` is set.
WRAM0	-	$D372	2	wNorthConnectionStripSrc	entry	Main Data	overworld	rom,live	
WRAM0	-	$D374	2	wNorthConnectionStripDest	entry	Main Data	overworld	rom,live	
WRAM0	-	$D376	1	wNorthConnectionStripLength	entry	Main Data	overworld	rom,live	
WRAM0	-	$D377	1	wNorthConnectedMapWidth	entry	Main Data	overworld	rom,live	
WRAM0	-	$D378	1	wNorthConnectedMapYAlignment	entry	Main Data	overworld	rom,live	
WRAM0	-	$D379	1	wNorthConnectedMapXAlignment	entry	Main Data	overworld	rom,live	
WRAM0	-	$D37A	2	wNorthConnectedMapViewPointer	entry	Main Data	overworld	rom,live	
WRAM0	-	$D37C	1	wSouthConnectedMap	entry	Main Data	overworld	rom,live	Which map lies south, and the first byte of that direction's 11-byte connection header. `LoadMapHeader` copies one such header per set bit of `wCurMapConnections`; south is bit 2.
WRAM0	-	$D37C	1	wSouthConnectionHeader	alias	Main Data	overworld	rom,live	The southern connection header as a whole: 11 bytes, present only when bit 2 of `wCurMapConnections` is set.
WRAM0	-	$D37D	2	wSouthConnectionStripSrc	entry	Main Data	overworld	rom,live	
WRAM0	-	$D37F	2	wSouthConnectionStripDest	entry	Main Data	overworld	rom,live	
WRAM0	-	$D381	1	wSouthConnectionStripLength	entry	Main Data	overworld	rom,live	
WRAM0	-	$D382	1	wSouthConnectedMapWidth	entry	Main Data	overworld	rom,live	
WRAM0	-	$D383	1	wSouthConnectedMapYAlignment	entry	Main Data	overworld	rom,live	
WRAM0	-	$D384	1	wSouthConnectedMapXAlignment	entry	Main Data	overworld	rom,live	
WRAM0	-	$D385	2	wSouthConnectedMapViewPointer	entry	Main Data	overworld	rom,live	
WRAM0	-	$D387	1	wWestConnectedMap	entry	Main Data	overworld	rom,live	Which map lies west, and the first byte of that direction's 11-byte connection header. `LoadMapHeader` copies one such header per set bit of `wCurMapConnections`; west is bit 1.
WRAM0	-	$D387	1	wWestConnectionHeader	alias	Main Data	overworld	rom,live	The western connection header as a whole: 11 bytes, present only when bit 1 of `wCurMapConnections` is set.
WRAM0	-	$D388	2	wWestConnectionStripSrc	entry	Main Data	overworld	rom,live	
WRAM0	-	$D38A	2	wWestConnectionStripDest	entry	Main Data	overworld	rom,live	
WRAM0	-	$D38C	1	wWestConnectionStripLength	entry	Main Data	overworld	rom,live	
WRAM0	-	$D38D	1	wWestConnectedMapWidth	entry	Main Data	overworld	rom,live	
WRAM0	-	$D38E	1	wWestConnectedMapYAlignment	entry	Main Data	overworld	rom,live	
WRAM0	-	$D38F	1	wWestConnectedMapXAlignment	entry	Main Data	overworld	rom,live	
WRAM0	-	$D390	2	wWestConnectedMapViewPointer	entry	Main Data	overworld	rom,live	
WRAM0	-	$D392	1	wEastConnectedMap	entry	Main Data	overworld	rom,live	Which map lies east, and the first byte of that direction's 11-byte connection header. `LoadMapHeader` copies one such header per set bit of `wCurMapConnections`; east is bit 0.
WRAM0	-	$D392	1	wEastConnectionHeader	alias	Main Data	overworld	rom,live	The eastern connection header as a whole: 11 bytes, present only when bit 0 of `wCurMapConnections` is set.
WRAM0	-	$D393	2	wEastConnectionStripSrc	entry	Main Data	overworld	rom,live	
WRAM0	-	$D395	2	wEastConnectionStripDest	entry	Main Data	overworld	rom,live	
WRAM0	-	$D397	1	wEastConnectionStripLength	entry	Main Data	overworld	rom,live	
WRAM0	-	$D398	1	wEastConnectedMapWidth	entry	Main Data	overworld	rom,live	
WRAM0	-	$D399	1	wEastConnectedMapYAlignment	entry	Main Data	overworld	rom,live	
WRAM0	-	$D39A	1	wEastConnectedMapXAlignment	entry	Main Data	overworld	rom,live	
WRAM0	-	$D39B	2	wEastConnectedMapViewPointer	entry	Main Data	overworld	rom,live	
WRAM0	-	$D39D	11	wSpriteSet	entry	Main Data	overworld	rom,live	Which set of sprite sheets this map loads. A map can only show characters from its own set.
WRAM0	-	$D3A8	1	wSpriteSetID	entry	Main Data	overworld	rom,live	The id of that set.
WRAM0	-	$D3A9	4	wObjectDataPointerTemp	entry	Main Data	overworld	rom,live	
WRAM0	-	$D3AD	1	wMapBackgroundTile	entry	Main Data	overworld	rom,live	The block the border of the map is filled with.
WRAM0	-	$D3AE	1	wNumberOfWarps	entry	Main Data	overworld	rom,live,inv	How many warps this map has, up to 32. **Verified live**: every warp's coordinates must be on the map whose header is loaded, which ties this table to `wCurMapHeight`/`wCurMapWidth` and strengthens all three.
WRAM0	-	$D3AF	128	wWarpEntries	entry	Main Data	overworld	rom,live,inv	Four bytes each — y, x, destination warp id, destination map. Redirecting an entry here and letting the game walk into it is the safe way to move a player, because the engine then loads the destination header itself.
WRAM0	-	$D42F	129	wDestinationWarpID	entry	Main Data	overworld	rom,live	Which warp on the destination map you arrive at.
WRAM0	-	$D4B0	1	wNumSigns	entry	Main Data	overworld	rom,live	How many readable signs the map has.
WRAM0	-	$D4B1	32	wSignCoords	entry	Main Data	overworld	rom,live	Sign positions, y then x.
WRAM0	-	$D4D1	16	wSignTextIDs	entry	Main Data	overworld	rom,live	Which text each sign prints.
WRAM0	-	$D4E1	1	wNumSprites	entry	Main Data	sprites	rom,live	How many object slots the engine believes this map has. Two routines are gated on it, so raising it is what makes extra sprites move *and* makes them talkable.
WRAM0	-	$D4E2	1	wYOffsetSinceLastSpecialWarp	entry	Main Data	overworld	rom,live	
WRAM0	-	$D4E3	1	wXOffsetSinceLastSpecialWarp	entry	Main Data	overworld	rom,live	
WRAM0	-	$D4E4	32	wMapSpriteData	entry	Main Data	overworld	rom,live	A (movement byte, text id) pair per object. The text id is what an A press against an object resolves to.
WRAM0	-	$D504	32	wMapSpriteExtraData	entry	Main Data	overworld	rom,live	A second pair per object, used by trainers and item balls to say which trainer or which item.
WRAM0	-	$D524	1	wCurrentMapHeight2	entry	Main Data	overworld	rom,live	Map height again, this time in walk tiles. The engine keeps both units.
WRAM0	-	$D525	1	wCurrentMapWidth2	entry	Main Data	overworld	rom,live	Map width in walk tiles.
WRAM0	-	$D526	2	wMapViewVRAMPointer	entry	Main Data	overworld	rom,live	
WRAM0	-	$D528	1	wPlayerMovingDirection	entry	Main Data	overworld	rom,live	Which way the player is currently stepping.
WRAM0	-	$D529	1	wPlayerLastStopDirection	entry	Main Data	overworld	rom,live	
WRAM0	-	$D52A	1	wPlayerDirection	entry	Main Data	overworld	rom,live	Which way the player is facing.
WRAM0	-	$D52B	1	wTilesetBank	entry	Main Data	overworld	rom,live	Which ROM bank holds this tileset's blocks and art.
WRAM0	-	$D52C	2	wTilesetBlocksPtr	entry	Main Data	overworld	rom,live	Pointer to the blockset: 16 tile ids per 32x32 block.
WRAM0	-	$D52E	2	wTilesetGfxPtr	entry	Main Data	overworld	rom,live	Pointer to the tileset's 2bpp tile art.
WRAM0	-	$D530	2	wTilesetCollisionPtr	entry	Main Data	overworld	rom,live	An `$FF`-terminated list of the tile ids you may walk on. Everything not in the list is solid.
WRAM0	-	$D532	3	wTilesetTalkingOverTiles	entry	Main Data	overworld	rom,live	
WRAM0	-	$D535	5	wGrassTile	entry	Main Data	overworld	rom,live	Which tile id counts as tall grass on this tileset, i.e. where a wild encounter can be rolled.
WRAM0	-	$D53A	1	wNumBoxItems	entry	Main Data	bag	rom,live,inv	How many kinds of item are in the PC's item store. A different thing entirely from a Pokemon box — the name is the game's, not ours.
WRAM0	-	$D53B	101	wBoxItems	entry	Main Data	bag	live,inv	Fifty (item id, quantity) pairs and an `$FF` terminator: the PC item store.
WRAM0	-	$D5A0	2	wCurrentBoxNum	entry	Main Data	storage	rom,live,inv	Which of the twelve boxes is open, in bits 0-6. **Bit 7 is the one that matters to a reader**: until the player has changed box once, the stored boxes in cartridge RAM are uninitialised, and this bit is how you know.
WRAM0	-	$D5A2	1	wNumHoFTeams	entry	Main Data	player	rom,live	How many times you have entered the Hall of Fame. Each entry appends a team to `sHallOfFame` in cartridge RAM.
WRAM0	-	$D5A3	1	wUnusedMapVariable	entry	Main Data	overworld	rom,live	
WRAM0	-	$D5A4	2	wPlayerCoins	entry	Main Data	player	rom,live	Game Corner coins, two bytes of BCD. A separate currency from money with its own cap.
WRAM0	-	$D5A6	32	wToggleableObjectFlags	entry	Main Data	events	rom,live	One bit per object that can be removed from a map — an item ball taken, a boulder moved. This is the *missable object* system: the flag decides whether the object is placed when the map loads.
WRAM0	-	$D5C6	7	wToggleableObjectFlagsEnd	entry	Main Data	events	live	
WRAM0	-	$D5CD	1	wSavedSpriteImageIndex	entry	Main Data	events	rom,live	The picture id a sprite is reloaded with once its toggleable-object state changes (appearing after being hidden, or the reverse). Measured across a real playthrough (walk, a forced battle, menus): written from 3 places, chiefly bank 1 `$4B30`, during battle-trigger, intro, walk/menus; 28 distinct values seen, 0-255.
WRAM0	-	$D5CE	34	wToggleableObjectList	entry	Main Data	events	rom,live	Which map objects are currently hidden, rebuilt whenever a map loads.
WRAM0	-	$D5F0	1	wOaksLabCurScript	entry	Main Data	events	rom,live	Which step of Oak's laboratory's map script the game is on. **Measured**: losing the starter battle to the rival leaves it at `SCRIPT_OAKSLAB_RIVAL_STARTS_EXIT`, which is exactly where winning leaves it — `HandlePlayerBlackOut` returns without blacking the player out when `wCurOpponent` is `OPP_RIVAL1` and `wCurMap` is `OAKS_LAB`, and the map script heals the party on its next tick.
WRAM0	-	$D5F0	1	wGameProgressFlags	alias	Main Data	events	rom,live	
WRAM0	-	$D5F1	2	wPalletTownCurScript	entry	Main Data	events	rom,live	
WRAM0	-	$D5F3	1	wBluesHouseCurScript	entry	Main Data	events	rom,live	
WRAM0	-	$D5F4	3	wViridianCityCurScript	entry	Main Data	events	rom,live	
WRAM0	-	$D5F7	1	wPewterCityCurScript	entry	Main Data	events	rom,live	
WRAM0	-	$D5F8	1	wRoute3CurScript	entry	Main Data	events	rom,live	
WRAM0	-	$D5F9	2	wRoute4CurScript	entry	Main Data	events	rom,live	
WRAM0	-	$D5FB	1	wViridianGymCurScript	entry	Main Data	events	rom,live	
WRAM0	-	$D5FC	1	wPewterGymCurScript	entry	Main Data	events	rom,live	
WRAM0	-	$D5FD	1	wCeruleanGymCurScript	entry	Main Data	events	rom,live	
WRAM0	-	$D5FE	1	wVermilionGymCurScript	entry	Main Data	events	rom,live	
WRAM0	-	$D5FF	1	wCeladonGymCurScript	entry	Main Data	events	rom,live	
WRAM0	-	$D600	1	wRoute6CurScript	entry	Main Data	events	rom,live	
WRAM0	-	$D601	1	wRoute8CurScript	entry	Main Data	events	rom,live	
WRAM0	-	$D602	1	wRoute24CurScript	entry	Main Data	events	rom,live	
WRAM0	-	$D603	1	wRoute25CurScript	entry	Main Data	events	rom,live	
WRAM0	-	$D604	1	wRoute9CurScript	entry	Main Data	events	rom,live	
WRAM0	-	$D605	1	wRoute10CurScript	entry	Main Data	events	rom,live	
WRAM0	-	$D606	1	wMtMoon1FCurScript	entry	Main Data	events	rom,live	
WRAM0	-	$D607	1	wMtMoonB2FCurScript	entry	Main Data	events	rom,live	
WRAM0	-	$D608	1	wSSAnne1FRoomsCurScript	entry	Main Data	events	rom,live	
WRAM0	-	$D609	1	wSSAnne2FRoomsCurScript	instance	Main Data	events	rom,live	
WRAM0	-	$D60A	2	wRoute22CurScript	entry	Main Data	events	rom,live	
WRAM0	-	$D60C	1	wRedsHouse2FCurScript	entry	Main Data	events	rom,live	
WRAM0	-	$D60D	1	wViridianMartCurScript	entry	Main Data	events	rom,live	
WRAM0	-	$D60E	1	wRoute22GateCurScript	entry	Main Data	events	rom,live	
WRAM0	-	$D60F	8	wCeruleanCityCurScript	entry	Main Data	events	rom,live	
WRAM0	-	$D617	1	wSSAnneBowCurScript	entry	Main Data	events	rom,live	
WRAM0	-	$D618	1	wViridianForestCurScript	entry	Main Data	events	rom,live	
WRAM0	-	$D619	1	wMuseum1FCurScript	entry	Main Data	events	rom,live	
WRAM0	-	$D61A	1	wRoute13CurScript	entry	Main Data	events	rom,live	
WRAM0	-	$D61B	1	wRoute14CurScript	entry	Main Data	events	rom,live	
WRAM0	-	$D61C	1	wRoute17CurScript	entry	Main Data	events	rom,live	
WRAM0	-	$D61D	1	wRoute19CurScript	entry	Main Data	events	rom,live	
WRAM0	-	$D61E	1	wRoute21CurScript	entry	Main Data	events	rom,live	
WRAM0	-	$D61F	1	wSafariZoneGateCurScript	entry	Main Data	battle	rom,live	
WRAM0	-	$D620	1	wRockTunnelB1FCurScript	entry	Main Data	events	rom,live	
WRAM0	-	$D621	2	wRockTunnel1FCurScript	entry	Main Data	events	rom,live	
WRAM0	-	$D623	1	wRoute11CurScript	entry	Main Data	events	rom,live	
WRAM0	-	$D624	1	wRoute12CurScript	entry	Main Data	events	rom,live	
WRAM0	-	$D625	1	wRoute15CurScript	entry	Main Data	events	rom,live	
WRAM0	-	$D626	1	wRoute16CurScript	entry	Main Data	events	rom,live	
WRAM0	-	$D627	1	wRoute18CurScript	entry	Main Data	events	rom,live	
WRAM0	-	$D628	1	wRoute20CurScript	entry	Main Data	events	rom,live	
WRAM0	-	$D629	1	wSSAnneB1FRoomsCurScript	entry	Main Data	events	rom,live	
WRAM0	-	$D62A	1	wVermilionCityCurScript	entry	Main Data	events	rom,live	
WRAM0	-	$D62B	1	wPokemonTower2FCurScript	entry	Main Data	events	rom,live	
WRAM0	-	$D62C	1	wPokemonTower3FCurScript	entry	Main Data	events	rom,live	
WRAM0	-	$D62D	1	wPokemonTower4FCurScript	entry	Main Data	events	rom,live	
WRAM0	-	$D62E	1	wPokemonTower5FCurScript	entry	Main Data	events	rom,live	
WRAM0	-	$D62F	1	wPokemonTower6FCurScript	entry	Main Data	events	rom,live	
WRAM0	-	$D630	1	wPokemonTower7FCurScript	entry	Main Data	events	rom,live	
WRAM0	-	$D631	1	wRocketHideoutB1FCurScript	entry	Main Data	events	rom,live	
WRAM0	-	$D632	1	wRocketHideoutB2FCurScript	instance	Main Data	events	rom,live	
WRAM0	-	$D633	1	wRocketHideoutB3FCurScript	instance	Main Data	events	rom,live	
WRAM0	-	$D634	2	wRocketHideoutB4FCurScript	instance	Main Data	events	rom,live	
WRAM0	-	$D636	1	wRoute6GateCurScript	entry	Main Data	events	rom,live	
WRAM0	-	$D637	2	wRoute8GateCurScript	entry	Main Data	events	rom,live	
WRAM0	-	$D639	1	wCinnabarIslandCurScript	entry	Main Data	events	rom,live	
WRAM0	-	$D63A	2	wPokemonMansion1FCurScript	entry	Main Data	events	rom,live	
WRAM0	-	$D63C	1	wPokemonMansion2FCurScript	instance	Main Data	events	rom,live	
WRAM0	-	$D63D	1	wPokemonMansion3FCurScript	instance	Main Data	events	rom,live	
WRAM0	-	$D63E	1	wPokemonMansionB1FCurScript	entry	Main Data	events	rom,live	
WRAM0	-	$D63F	1	wVictoryRoad2FCurScript	instance	Main Data	events	rom,live	
WRAM0	-	$D640	2	wVictoryRoad3FCurScript	instance	Main Data	events	rom,live	
WRAM0	-	$D642	1	wFightingDojoCurScript	entry	Main Data	events	rom,live	
WRAM0	-	$D643	1	wSilphCo2FCurScript	entry	Main Data	events	rom,live	
WRAM0	-	$D644	1	wSilphCo3FCurScript	entry	Main Data	events	rom,live	
WRAM0	-	$D645	1	wSilphCo4FCurScript	entry	Main Data	events	rom,live	
WRAM0	-	$D646	1	wSilphCo5FCurScript	entry	Main Data	events	rom,live	
WRAM0	-	$D647	1	wSilphCo6FCurScript	entry	Main Data	events	rom,live	
WRAM0	-	$D648	1	wSilphCo7FCurScript	entry	Main Data	events	rom,live	
WRAM0	-	$D649	1	wSilphCo8FCurScript	entry	Main Data	events	rom,live	
WRAM0	-	$D64A	1	wSilphCo9FCurScript	entry	Main Data	events	rom,live	
WRAM0	-	$D64B	1	wHallOfFameCurScript	entry	Main Data	events	rom,live	
WRAM0	-	$D64C	1	wChampionsRoomCurScript	entry	Main Data	events	rom,live	
WRAM0	-	$D64D	1	wLoreleisRoomCurScript	entry	Main Data	events	rom,live	
WRAM0	-	$D64E	1	wBrunosRoomCurScript	entry	Main Data	events	rom,live	
WRAM0	-	$D64F	1	wAgathasRoomCurScript	entry	Main Data	events	rom,live	
WRAM0	-	$D650	1	wCeruleanCaveB1FCurScript	entry	Main Data	events	rom,live	
WRAM0	-	$D651	2	wVictoryRoad1FCurScript	entry	Main Data	events	rom,live	
WRAM0	-	$D653	5	wLancesRoomCurScript	entry	Main Data	events	rom,live	
WRAM0	-	$D658	1	wSilphCo10FCurScript	entry	Main Data	events	rom,live	
WRAM0	-	$D659	2	wSilphCo11FCurScript	entry	Main Data	events	rom,live	
WRAM0	-	$D65B	1	wFuchsiaGymCurScript	entry	Main Data	events	rom,live	
WRAM0	-	$D65C	2	wSaffronGymCurScript	entry	Main Data	events	rom,live	
WRAM0	-	$D65E	1	wCinnabarGymCurScript	entry	Main Data	events	rom,live	
WRAM0	-	$D65F	1	wGameCornerCurScript	entry	Main Data	events	rom,live	
WRAM0	-	$D660	1	wRoute16Gate1FCurScript	entry	Main Data	events	rom,live	
WRAM0	-	$D661	1	wBillsHouseCurScript	entry	Main Data	events	rom,live	
WRAM0	-	$D662	1	wRoute5GateCurScript	entry	Main Data	events	rom,live	
WRAM0	-	$D663	2	wRoute7GateCurScript	entry	Main Data	events	rom,live	
WRAM0	-	$D663	2	wPowerPlantCurScript	alias	Main Data	events	rom,live	
WRAM0	-	$D665	1	wSSAnne2FCurScript	entry	Main Data	events	rom,live	
WRAM0	-	$D666	1	wSeafoamIslandsB3FCurScript	entry	Main Data	events	rom,live	
WRAM0	-	$D667	1	wRoute23CurScript	entry	Main Data	events	rom,live	
WRAM0	-	$D668	1	wSeafoamIslandsB4FCurScript	entry	Main Data	events	rom,live	
WRAM0	-	$D669	79	wRoute18Gate1FCurScript	entry	Main Data	events	rom,live	
WRAM0	-	$D6B8	56	wGameProgressFlagsEnd	entry	Main Data	events	live	
WRAM0	-	$D6F0	14	wObtainedHiddenItemsFlags	entry	Main Data	events	rom,live	One bit per hidden item already picked up.
WRAM0	-	$D6FE	2	wObtainedHiddenCoinsFlags	entry	Main Data	events	rom,live	One bit per hidden Game Corner coin already picked up.
WRAM0	-	$D700	11	wWalkBikeSurfState	entry	Main Data	overworld	rom,live	
WRAM0	-	$D70B	2	wTownVisitedFlag	entry	Main Data	events	rom,live	One bit per town, for the map that shows where you have been.
WRAM0	-	$D70D	2	wSafariSteps	entry	Main Data	battle	rom,live	Steps left in the current Safari Zone run.
WRAM0	-	$D70F	1	wFossilItem	entry	Main Data	events	rom,live	Which fossil is being revived at the Lab.
WRAM0	-	$D710	3	wFossilMon	entry	Main Data	events	rom,live	Which Pokemon that fossil becomes.
WRAM0	-	$D713	1	wEnemyMonOrTrainerClass	entry	Main Data	battle	rom,live	
WRAM0	-	$D714	1	wPlayerJumpingYScreenCoordsIndex	entry	Main Data	overworld	rom,live	
WRAM0	-	$D715	2	wRivalStarter	entry	Main Data	events	rom,live	Which starter the rival took — the one yours is weak to.
WRAM0	-	$D717	1	wPlayerStarter	entry	Main Data	events	rom,live	Which starter you took.
WRAM0	-	$D718	1	wBoulderSpriteIndex	entry	Main Data	events	rom,live	
WRAM0	-	$D719	1	wLastBlackoutMap	entry	Main Data	overworld	rom,live	Where blacking out returns you — the last Pokemon Center you healed at.
WRAM0	-	$D71A	1	wDestinationMap	entry	Main Data	overworld	rom,live	
WRAM0	-	$D71B	1	wUnusedPlayerDataByte	entry	Main Data	overworld	rom,live	
WRAM0	-	$D71C	1	wTileInFrontOfBoulderAndBoulderCollisionResult	entry	Main Data	overworld	rom,live	
WRAM0	-	$D71D	1	wDungeonWarpDestinationMap	entry	Main Data	overworld	rom,live	Where a dungeon warp leads.
WRAM0	-	$D71E	1	wWhichDungeonWarp	entry	Main Data	events	rom,live	
WRAM0	-	$D71F	9	wUnusedCardKeyGateID	entry	Main Data	events	rom,live	
WRAM0	-	$D728	2	wStatusFlags1	entry	Main Data	events	rom,live	A byte of assorted progress bits the scripts test.
WRAM0	-	$D72A	2	wBeatGymFlags	entry	Main Data	events	rom,live	One bit per gym leader defeated. Distinct from `wObtainedBadges`, which the badge case reads.
WRAM0	-	$D72C	1	wStatusFlags2	instance	Main Data	events	rom,live	A second byte of assorted progress bits.
WRAM0	-	$D72D	1	wCableClubDestinationMap	entry	Main Data	overworld	rom,live	Shares this byte with `wStatusFlags3`, one of several assorted progress-bit bytes; see that entry.
WRAM0	-	$D72D	1	wStatusFlags3	instance	Main Data	events	rom,live	A third byte of assorted progress bits.
WRAM0	-	$D72E	2	wStatusFlags4	instance	Main Data	events	rom,live	A fourth byte of assorted progress bits.
WRAM0	-	$D730	2	wStatusFlags5	instance	Main Data	events	rom,live	A fifth byte of assorted progress bits.
WRAM0	-	$D732	1	wStatusFlags6	instance	Main Data	events	rom,live	A sixth byte of assorted progress bits.
WRAM0	-	$D733	1	wStatusFlags7	instance	Main Data	events	rom,live	A seventh byte of assorted progress bits.
WRAM0	-	$D734	2	wElite4Flags	entry	Main Data	events	rom,live	Progress through the Elite Four, which cannot be left part-way.
WRAM0	-	$D736	1	wMovementFlags	entry	Main Data	events	rom,live	Whether the bicycle, surfing or the running shoes-equivalent movement is active.
WRAM0	-	$D737	4	wCompletedInGameTradeFlags	entry	Main Data	events	rom,live	One bit per in-game trade already done, so an NPC cannot be traded with twice.
WRAM0	-	$D73B	1	wWarpedFromWhichWarp	entry	Main Data	overworld	rom,live	
WRAM0	-	$D73C	3	wWarpedFromWhichMap	entry	Main Data	overworld	rom,live	
WRAM0	-	$D73F	1	wCardKeyDoorY	entry	Main Data	events	rom,live	Which door the Card Key was used on, vertical.
WRAM0	-	$D740	3	wCardKeyDoorX	entry	Main Data	events	rom,live	Which door the Card Key was used on, horizontal.
WRAM0	-	$D743	1	wFirstLockTrashCanIndex	entry	Main Data	events	rom,live	Which bin the Vermilion Gym's first switch is in — the puzzle's state, kept in the save.
WRAM0	-	$D744	3	wSecondLockTrashCanIndex	entry	Main Data	events	rom,live	Which bin the second switch is in, chosen relative to the first.
WRAM0	-	$D747	320	wEventFlags	entry	Main Data	events	rom,live	**The story, in 320 bytes.** A flag array of 2,560 single-bit events: every gift taken, every trainer beaten, every door unlocked. Bit 0 of byte 0 is the flag that Pallet Town's script checks before it lets you leave, which is why setting one bit skips the whole introduction.
WRAM0	-	$D887	1	wLinkEnemyTrainerName	entry	Main Data	link	rom,live	The other player's name, once the blocks have been exchanged. Shares storage with the wild-encounter tables, which is safe because the two can never be live at once.
WRAM0	-	$D887	1	wGrassRate	alias	Main Data	link	rom,live	How often a step in grass rolls an encounter on this map.
WRAM0	-	$D888	11	wGrassMons	entry	Main Data	overworld	rom,live	The map's wild encounter table for grass. **Shares storage with the enemy party**, which is safe because the game cannot be in a trainer battle and consulting the wild tables at once — but it does mean a reader must check `wIsInBattle` first.
WRAM0	-	$D893	9	wSerialEnemyDataBlock	entry	Main Data	link	rom,live	The other console's party block as it arrives.
WRAM0	-	$D89C	1	wEnemyPartyCount	entry	Main Data	battle	rom,live	How many Pokemon the opposing trainer has.
WRAM0	-	$D89D	7	wEnemyPartySpecies	entry	Main Data	battle	rom,live	The opposing team's species list, `$FF`-terminated, mirroring `wPartySpecies`.
WRAM0	-	$D8A4	1	wEnemyMon1Species	entry	Main Data	battle	rom,live	Species **internal index** — not the Pokedex number.
WRAM0	-	$D8A4	1	wEnemyMon1	alias	Main Data	battle	rom,live	The opposing trainer's first Pokemon, a whole 44-byte `party_struct` — the *party* shape, not the 29-byte battle shape. Shares its storage with the map's wild encounter tables, so it only means anything once `wIsInBattle` says a trainer battle is running.
WRAM0	-	$D8A4	1	wEnemyMons	alias	Main Data	battle	rom,live	The opposing team as six 44-byte `party_struct`s — the *party* shape, not the battle shape. Shares storage with the map's wild encounter tables.
WRAM0	-	$D8A4	1	wWaterRate	alias	Main Data	battle	rom,live	How often surfing rolls an encounter.
WRAM0	-	$D8A5	2	wEnemyMon1HP	entry	Main Data	battle	rom,live	Current HP, **big-endian**.
WRAM0	-	$D8A5	2	wWaterMons	alias	Main Data	battle	rom,live	The map's wild encounter table for water.
WRAM0	-	$D8A7	1	wEnemyMon1BoxLevel	entry	Main Data	battle	live	The level as stored, kept in step with `Level`.
WRAM0	-	$D8A8	1	wEnemyMon1Status	entry	Main Data	battle	rom,live	Sleep, poison, burn, freeze, paralysis, as one byte of flags and a sleep counter.
WRAM0	-	$D8A9	1	wEnemyMon1Type1	entry	Main Data	battle	live	First type.
WRAM0	-	$D8A9	1	wEnemyMon1Type	alias	Main Data	battle	live	The two type bytes as a pair.
WRAM0	-	$D8AA	1	wEnemyMon1Type2	instance	Main Data	battle	live	
WRAM0	-	$D8AB	1	wEnemyMon1CatchRate	entry	Main Data	battle	live	The species' base catch rate, carried in the structure. Fixed for a trainer's Pokemon, which is one of the things that makes a trainer battle different from a wild one.
WRAM0	-	$D8AC	4	wEnemyMon1Moves	entry	Main Data	battle	rom,live	Four move ids, 0 for an empty slot.
WRAM0	-	$D8B0	2	wEnemyMon1OTID	entry	Main Data	battle	live	The original trainer's ID, **big-endian**.
WRAM0	-	$D8B2	3	wEnemyMon1Exp	entry	Main Data	battle	live	Experience, **three bytes big-endian**.
WRAM0	-	$D8B5	2	wEnemyMon1HPExp	entry	Main Data	battle	live	Stat experience for HP, big-endian.
WRAM0	-	$D8B7	2	wEnemyMon1AttackExp	entry	Main Data	battle	live	Stat experience for Attack, big-endian.
WRAM0	-	$D8B9	2	wEnemyMon1DefenseExp	entry	Main Data	battle	live	Stat experience for Defense, big-endian.
WRAM0	-	$D8BB	2	wEnemyMon1SpeedExp	entry	Main Data	battle	live	Stat experience for Speed, big-endian.
WRAM0	-	$D8BD	2	wEnemyMon1SpecialExp	entry	Main Data	battle	live	Stat experience for Special, big-endian.
WRAM0	-	$D8BF	2	wEnemyMon1DVs	entry	Main Data	battle	live	Two bytes, four nybbles: attack, defense, speed, special. **A trainer's Pokemon has fixed DVs** — `LoadEnemyMonData` writes the same two bytes into every one of them — so anything that draws a conclusion from DVs has to exclude trainer battles or it will report the same answer forever.
WRAM0	-	$D8C1	4	wEnemyMon1PP	entry	Main Data	battle	rom,live	Four bytes: current PP in the low 6 bits, PP Ups applied in the top 2.
WRAM0	-	$D8C5	1	wEnemyMon1Level	entry	Main Data	battle	rom,live	The level the stats below were computed at.
WRAM0	-	$D8C6	2	wEnemyMon1MaxHP	entry	Main Data	battle	rom,live	Computed maximum HP, big-endian.
WRAM0	-	$D8C6	2	wEnemyMon1Stats	alias	Main Data	battle	rom,live	The five computed stats, in order, big-endian.
WRAM0	-	$D8C8	2	wEnemyMon1Attack	entry	Main Data	battle	live	Computed Attack, big-endian.
WRAM0	-	$D8CA	2	wEnemyMon1Defense	entry	Main Data	battle	live	Computed Defense, big-endian.
WRAM0	-	$D8CC	2	wEnemyMon1Speed	entry	Main Data	battle	live	Computed Speed, big-endian.
WRAM0	-	$D8CE	2	wEnemyMon1Special	entry	Main Data	battle	live	Computed Special, big-endian.
WRAM0	-	$D8D0	1	wEnemyMon2	instance	Main Data	battle	live	
WRAM0	-	$D8D0	1	wEnemyMon2Species	instance	Main Data	battle	live	
WRAM0	-	$D8D1	2	wEnemyMon2HP	instance	Main Data	battle	live	
WRAM0	-	$D8D3	1	wEnemyMon2BoxLevel	instance	Main Data	battle	live	
WRAM0	-	$D8D4	1	wEnemyMon2Status	instance	Main Data	battle	live	
WRAM0	-	$D8D5	1	wEnemyMon2Type	instance	Main Data	battle	live	
WRAM0	-	$D8D5	1	wEnemyMon2Type1	instance	Main Data	battle	live	
WRAM0	-	$D8D6	1	wEnemyMon2Type2	instance	Main Data	battle	live	
WRAM0	-	$D8D7	1	wEnemyMon2CatchRate	instance	Main Data	battle	live	
WRAM0	-	$D8D8	4	wEnemyMon2Moves	instance	Main Data	battle	live	
WRAM0	-	$D8DC	2	wEnemyMon2OTID	instance	Main Data	battle	live	
WRAM0	-	$D8DE	3	wEnemyMon2Exp	instance	Main Data	battle	live	
WRAM0	-	$D8E1	2	wEnemyMon2HPExp	instance	Main Data	battle	live	
WRAM0	-	$D8E3	2	wEnemyMon2AttackExp	instance	Main Data	battle	live	
WRAM0	-	$D8E5	2	wEnemyMon2DefenseExp	instance	Main Data	battle	live	
WRAM0	-	$D8E7	2	wEnemyMon2SpeedExp	instance	Main Data	battle	live	
WRAM0	-	$D8E9	2	wEnemyMon2SpecialExp	instance	Main Data	battle	live	
WRAM0	-	$D8EB	2	wEnemyMon2DVs	instance	Main Data	battle	live	
WRAM0	-	$D8ED	4	wEnemyMon2PP	instance	Main Data	battle	live	
WRAM0	-	$D8F1	1	wEnemyMon2Level	instance	Main Data	battle	live	
WRAM0	-	$D8F2	2	wEnemyMon2MaxHP	instance	Main Data	battle	live	
WRAM0	-	$D8F2	2	wEnemyMon2Stats	instance	Main Data	battle	live	
WRAM0	-	$D8F4	2	wEnemyMon2Attack	instance	Main Data	battle	live	
WRAM0	-	$D8F6	2	wEnemyMon2Defense	instance	Main Data	battle	live	
WRAM0	-	$D8F8	2	wEnemyMon2Speed	instance	Main Data	battle	live	
WRAM0	-	$D8FA	2	wEnemyMon2Special	instance	Main Data	battle	live	
WRAM0	-	$D8FC	1	wEnemyMon3	instance	Main Data	battle	live	
WRAM0	-	$D8FC	1	wEnemyMon3Species	instance	Main Data	battle	live	
WRAM0	-	$D8FD	2	wEnemyMon3HP	instance	Main Data	battle	live	
WRAM0	-	$D8FF	1	wEnemyMon3BoxLevel	instance	Main Data	battle	live	
WRAM0	-	$D900	1	wEnemyMon3Status	instance	Main Data	battle	live	
WRAM0	-	$D901	1	wEnemyMon3Type	instance	Main Data	battle	rom,live	
WRAM0	-	$D901	1	wEnemyMon3Type1	instance	Main Data	battle	rom,live	
WRAM0	-	$D902	1	wEnemyMon3Type2	instance	Main Data	battle	live	
WRAM0	-	$D903	1	wEnemyMon3CatchRate	instance	Main Data	battle	live	
WRAM0	-	$D904	4	wEnemyMon3Moves	instance	Main Data	battle	live	
WRAM0	-	$D908	2	wEnemyMon3OTID	instance	Main Data	battle	live	
WRAM0	-	$D90A	3	wEnemyMon3Exp	instance	Main Data	battle	live	
WRAM0	-	$D90D	2	wEnemyMon3HPExp	instance	Main Data	battle	live	
WRAM0	-	$D90F	2	wEnemyMon3AttackExp	instance	Main Data	battle	live	
WRAM0	-	$D911	2	wEnemyMon3DefenseExp	instance	Main Data	battle	live	
WRAM0	-	$D913	2	wEnemyMon3SpeedExp	instance	Main Data	battle	live	
WRAM0	-	$D915	2	wEnemyMon3SpecialExp	instance	Main Data	battle	rom,live	
WRAM0	-	$D917	2	wEnemyMon3DVs	instance	Main Data	battle	live	
WRAM0	-	$D919	4	wEnemyMon3PP	instance	Main Data	battle	live	
WRAM0	-	$D91D	1	wEnemyMon3Level	instance	Main Data	battle	live	
WRAM0	-	$D91E	2	wEnemyMon3MaxHP	instance	Main Data	battle	live	
WRAM0	-	$D91E	2	wEnemyMon3Stats	instance	Main Data	battle	live	
WRAM0	-	$D920	2	wEnemyMon3Attack	instance	Main Data	battle	rom,live	
WRAM0	-	$D922	2	wEnemyMon3Defense	instance	Main Data	battle	live	
WRAM0	-	$D924	2	wEnemyMon3Speed	instance	Main Data	battle	live	
WRAM0	-	$D926	2	wEnemyMon3Special	instance	Main Data	battle	live	
WRAM0	-	$D928	1	wEnemyMon4	instance	Main Data	battle	live	
WRAM0	-	$D928	1	wEnemyMon4Species	instance	Main Data	battle	live	
WRAM0	-	$D929	2	wEnemyMon4HP	instance	Main Data	battle	live	
WRAM0	-	$D92B	1	wEnemyMon4BoxLevel	instance	Main Data	battle	live	
WRAM0	-	$D92C	1	wEnemyMon4Status	instance	Main Data	battle	live	
WRAM0	-	$D92D	1	wEnemyMon4Type	instance	Main Data	battle	live	
WRAM0	-	$D92D	1	wEnemyMon4Type1	instance	Main Data	battle	live	
WRAM0	-	$D92E	1	wEnemyMon4Type2	instance	Main Data	battle	live	
WRAM0	-	$D92F	1	wEnemyMon4CatchRate	instance	Main Data	battle	live	
WRAM0	-	$D930	4	wEnemyMon4Moves	instance	Main Data	battle	live	
WRAM0	-	$D934	2	wEnemyMon4OTID	instance	Main Data	battle	live	
WRAM0	-	$D936	3	wEnemyMon4Exp	instance	Main Data	battle	live	
WRAM0	-	$D939	2	wEnemyMon4HPExp	instance	Main Data	battle	live	
WRAM0	-	$D93B	2	wEnemyMon4AttackExp	instance	Main Data	battle	live	
WRAM0	-	$D93D	2	wEnemyMon4DefenseExp	instance	Main Data	battle	live	
WRAM0	-	$D93F	2	wEnemyMon4SpeedExp	instance	Main Data	battle	live	
WRAM0	-	$D941	2	wEnemyMon4SpecialExp	instance	Main Data	battle	live	
WRAM0	-	$D943	2	wEnemyMon4DVs	instance	Main Data	battle	live	
WRAM0	-	$D945	4	wEnemyMon4PP	instance	Main Data	battle	live	
WRAM0	-	$D949	1	wEnemyMon4Level	instance	Main Data	battle	live	
WRAM0	-	$D94A	2	wEnemyMon4MaxHP	instance	Main Data	battle	live	
WRAM0	-	$D94A	2	wEnemyMon4Stats	instance	Main Data	battle	live	
WRAM0	-	$D94C	2	wEnemyMon4Attack	instance	Main Data	battle	live	
WRAM0	-	$D94E	2	wEnemyMon4Defense	instance	Main Data	battle	live	
WRAM0	-	$D950	2	wEnemyMon4Speed	instance	Main Data	battle	live	
WRAM0	-	$D952	2	wEnemyMon4Special	instance	Main Data	battle	rom,live	
WRAM0	-	$D954	1	wEnemyMon5	instance	Main Data	battle	live	
WRAM0	-	$D954	1	wEnemyMon5Species	instance	Main Data	battle	live	
WRAM0	-	$D955	2	wEnemyMon5HP	instance	Main Data	battle	live	
WRAM0	-	$D957	1	wEnemyMon5BoxLevel	instance	Main Data	battle	rom,live	
WRAM0	-	$D958	1	wEnemyMon5Status	instance	Main Data	battle	live	
WRAM0	-	$D959	1	wEnemyMon5Type	instance	Main Data	battle	live	
WRAM0	-	$D959	1	wEnemyMon5Type1	instance	Main Data	battle	live	
WRAM0	-	$D95A	1	wEnemyMon5Type2	instance	Main Data	battle	live	
WRAM0	-	$D95B	1	wEnemyMon5CatchRate	instance	Main Data	battle	live	
WRAM0	-	$D95C	4	wEnemyMon5Moves	instance	Main Data	battle	live	
WRAM0	-	$D960	2	wEnemyMon5OTID	instance	Main Data	battle	live	
WRAM0	-	$D962	3	wEnemyMon5Exp	instance	Main Data	battle	live	
WRAM0	-	$D965	2	wEnemyMon5HPExp	instance	Main Data	battle	live	
WRAM0	-	$D967	2	wEnemyMon5AttackExp	instance	Main Data	battle	live	
WRAM0	-	$D969	2	wEnemyMon5DefenseExp	instance	Main Data	battle	live	
WRAM0	-	$D96B	2	wEnemyMon5SpeedExp	instance	Main Data	battle	live	
WRAM0	-	$D96D	2	wEnemyMon5SpecialExp	instance	Main Data	battle	live	
WRAM0	-	$D96F	2	wEnemyMon5DVs	instance	Main Data	battle	live	
WRAM0	-	$D971	4	wEnemyMon5PP	instance	Main Data	battle	live	
WRAM0	-	$D975	1	wEnemyMon5Level	instance	Main Data	battle	live	
WRAM0	-	$D976	2	wEnemyMon5MaxHP	instance	Main Data	battle	live	
WRAM0	-	$D976	2	wEnemyMon5Stats	instance	Main Data	battle	live	
WRAM0	-	$D978	2	wEnemyMon5Attack	instance	Main Data	battle	rom,live	
WRAM0	-	$D97A	2	wEnemyMon5Defense	instance	Main Data	battle	live	
WRAM0	-	$D97C	2	wEnemyMon5Speed	instance	Main Data	battle	live	
WRAM0	-	$D97E	2	wEnemyMon5Special	instance	Main Data	battle	live	
WRAM0	-	$D980	1	wEnemyMon6	instance	Main Data	battle	live	
WRAM0	-	$D980	1	wEnemyMon6Species	instance	Main Data	battle	live	
WRAM0	-	$D981	2	wEnemyMon6HP	instance	Main Data	battle	live	
WRAM0	-	$D983	1	wEnemyMon6BoxLevel	instance	Main Data	battle	live	
WRAM0	-	$D984	1	wEnemyMon6Status	instance	Main Data	battle	live	
WRAM0	-	$D985	1	wEnemyMon6Type	instance	Main Data	battle	live	
WRAM0	-	$D985	1	wEnemyMon6Type1	instance	Main Data	battle	live	
WRAM0	-	$D986	1	wEnemyMon6Type2	instance	Main Data	battle	live	
WRAM0	-	$D987	1	wEnemyMon6CatchRate	instance	Main Data	battle	live	
WRAM0	-	$D988	4	wEnemyMon6Moves	instance	Main Data	battle	rom,live	
WRAM0	-	$D98C	2	wEnemyMon6OTID	instance	Main Data	battle	live	
WRAM0	-	$D98E	3	wEnemyMon6Exp	instance	Main Data	battle	live	
WRAM0	-	$D991	2	wEnemyMon6HPExp	instance	Main Data	battle	live	
WRAM0	-	$D993	2	wEnemyMon6AttackExp	instance	Main Data	battle	live	
WRAM0	-	$D995	2	wEnemyMon6DefenseExp	instance	Main Data	battle	live	
WRAM0	-	$D997	2	wEnemyMon6SpeedExp	instance	Main Data	battle	live	
WRAM0	-	$D999	2	wEnemyMon6SpecialExp	instance	Main Data	battle	live	
WRAM0	-	$D99B	2	wEnemyMon6DVs	instance	Main Data	battle	live	
WRAM0	-	$D99D	4	wEnemyMon6PP	instance	Main Data	battle	live	
WRAM0	-	$D9A1	1	wEnemyMon6Level	instance	Main Data	battle	live	
WRAM0	-	$D9A2	2	wEnemyMon6MaxHP	instance	Main Data	battle	rom,live	
WRAM0	-	$D9A2	2	wEnemyMon6Stats	instance	Main Data	battle	rom,live	
WRAM0	-	$D9A4	2	wEnemyMon6Attack	instance	Main Data	battle	live	
WRAM0	-	$D9A6	2	wEnemyMon6Defense	instance	Main Data	battle	live	
WRAM0	-	$D9A8	2	wEnemyMon6Speed	instance	Main Data	battle	rom,live	
WRAM0	-	$D9AA	2	wEnemyMon6Special	instance	Main Data	battle	live	
WRAM0	-	$D9AC	11	wEnemyMon1OT	entry	Main Data	battle	rom,live	Slot 1's original-trainer name, 11 bytes.
WRAM0	-	$D9AC	11	wEnemyMonOT	alias	Main Data	battle	rom,live	The opposing team's original-trainer names.
WRAM0	-	$D9B7	11	wEnemyMon2OT	instance	Main Data	battle	live	
WRAM0	-	$D9C2	11	wEnemyMon3OT	instance	Main Data	battle	live	
WRAM0	-	$D9CD	11	wEnemyMon4OT	instance	Main Data	battle	rom,live	
WRAM0	-	$D9D8	11	wEnemyMon5OT	instance	Main Data	battle	live	
WRAM0	-	$D9E3	11	wEnemyMon6OT	instance	Main Data	battle	live	
WRAM0	-	$D9EE	11	wEnemyMon1Nick	entry	Main Data	battle	rom,live	Slot 1's nickname, 11 bytes.
WRAM0	-	$D9EE	11	wEnemyMonNicks	alias	Main Data	battle	rom,live	The opposing team's nicknames.
WRAM0	-	$D9F9	11	wEnemyMon2Nick	instance	Main Data	battle	live	
WRAM0	-	$DA04	11	wEnemyMon3Nick	instance	Main Data	battle	live	
WRAM0	-	$DA0F	11	wEnemyMon4Nick	instance	Main Data	battle	live	
WRAM0	-	$DA1A	11	wEnemyMon5Nick	instance	Main Data	battle	live	
WRAM0	-	$DA25	11	wEnemyMon6Nick	instance	Main Data	battle	live	
WRAM0	-	$DA30	8	wTrainerHeaderPtr	entry	Main Data	events	rom,live	
WRAM0	-	$DA38	1	wOpponentAfterWrongAnswer	entry	Main Data	events	rom,live	
WRAM0	-	$DA39	8	wCurMapScript	entry	Main Data	events	rom,live	How far through the current map's script the game is. Each map keeps its own; the per-map `…CurScript` bytes are all in the saved block, which is why a story position survives a reset.
WRAM0	-	$DA41	1	wPlayTimeHours	entry	Main Data	player	rom,live	Play time, hours. The three play-time fields are why a save carries a clock at all — the cartridge has no RTC.
WRAM0	-	$DA42	1	wPlayTimeMaxed	entry	Main Data	player	rom,live	Set once the hour counter reaches its maximum, after which the clock stops rather than wrapping.
WRAM0	-	$DA43	1	wPlayTimeMinutes	entry	Main Data	player	rom,live	Play time, minutes.
WRAM0	-	$DA44	1	wPlayTimeSeconds	entry	Main Data	player	rom,live	Play time, seconds.
WRAM0	-	$DA45	1	wPlayTimeFrames	entry	Main Data	player	rom,live	Play time, frames — the sub-second counter the seconds field is carried out of.
WRAM0	-	$DA46	1	wSafariZoneGameOver	entry	Main Data	battle	rom,live	
WRAM0	-	$DA47	1	wNumSafariBalls	entry	Main Data	bag	rom,live	Safari Balls left in the current Safari Zone run.
WRAM0	-	$DA48	1	wDayCareInUse	entry	Main Data	storage	rom,live	Whether the Day Care is holding a Pokemon. The lodger is a single `box_struct`, not part of any box.
WRAM0	-	$DA49	11	wDayCareMonName	entry	Main Data	storage	rom,live	The lodger's nickname.
WRAM0	-	$DA54	11	wDayCareMonOT	entry	Main Data	storage	rom,live	The lodger's original-trainer name.
WRAM0	-	$DA5F	1	wDayCareMonSpecies	entry	Main Data	storage	rom,live	Species **internal index** — not the Pokedex number. `PokedexOrder` converts.
WRAM0	-	$DA5F	1	wDayCareMon	alias	Main Data	storage	rom,live	The Day Care's single lodger, one `box_struct`.
WRAM0	-	$DA60	2	wDayCareMonHP	entry	Main Data	storage	live	Current HP, **big-endian**.
WRAM0	-	$DA62	1	wDayCareMonBoxLevel	entry	Main Data	storage	rom,live	The level as stored. Kept in step with `Level` for a party Pokemon; for a stored one it is the only level there is.
WRAM0	-	$DA63	1	wDayCareMonStatus	entry	Main Data	storage	live	Sleep, poison, burn, freeze, paralysis, as one byte of flags and a sleep counter.
WRAM0	-	$DA64	1	wDayCareMonType1	entry	Main Data	storage	live	First type.
WRAM0	-	$DA64	1	wDayCareMonType	alias	Main Data	storage	live	The two type bytes as a pair.
WRAM0	-	$DA65	1	wDayCareMonType2	instance	Main Data	storage	live	Second type; equal to `Type1` for a single-typed Pokemon.
WRAM0	-	$DA66	1	wDayCareMonCatchRate	entry	Main Data	storage	live	The species' base catch rate, copied in at capture. Held item in later generations; here it is the ball maths.
WRAM0	-	$DA67	4	wDayCareMonMoves	entry	Main Data	storage	rom,live	Four move ids, 0 for an empty slot.
WRAM0	-	$DA6B	2	wDayCareMonOTID	entry	Main Data	storage	live	The original trainer's ID, **big-endian**. Compared against `wPlayerID` to decide whether this Pokemon was traded to you.
WRAM0	-	$DA6D	3	wDayCareMonExp	entry	Main Data	storage	rom,live	Experience, **three bytes big-endian**.
WRAM0	-	$DA70	2	wDayCareMonHPExp	entry	Main Data	storage	live	Stat experience for HP, big-endian. Gained per battle and folded into the stat by `CalcStat`.
WRAM0	-	$DA72	2	wDayCareMonAttackExp	entry	Main Data	storage	live	Stat experience for Attack.
WRAM0	-	$DA74	2	wDayCareMonDefenseExp	entry	Main Data	storage	live	Stat experience for Defense.
WRAM0	-	$DA76	2	wDayCareMonSpeedExp	entry	Main Data	storage	live	Stat experience for Speed.
WRAM0	-	$DA78	2	wDayCareMonSpecialExp	entry	Main Data	storage	live	Stat experience for Special.
WRAM0	-	$DA7A	2	wDayCareMonDVs	entry	Main Data	storage	live	Two bytes, four nybbles: attack, defense, speed, special. **The HP DV is not stored** — it is assembled from bit 0 of the other four, most significant first. These sixteen bits are the whole of what makes one Pokemon differ from another of its species and level.
WRAM0	-	$DA7C	4	wDayCareMonPP	entry	Main Data	storage	live	Four bytes: current PP in the low 6 bits, PP Ups applied in the top 2.
WRAM0	-	$DA80	1	wBoxCount	entry	Current Box Data	storage	rom,live,inv	How many Pokemon are in the open box, 0 to 20. Same address as `wBoxDataStart`.
WRAM0	-	$DA80	0	wMainDataEnd	entry	Main Data	save	rom,live	One past the saved block.
WRAM0	-	$DA80	1	wBoxDataStart	alias	Current Box Data	storage	rom,live	The start of the **live** PC box in work RAM. One of twelve boxes is open at a time and this is where it lives; the other eleven sit in cartridge RAM.
WRAM0	-	$DA81	21	wBoxSpecies	entry	Current Box Data	storage	rom,live,inv	Twenty species indices and an `$FF` terminator, the box's answer to `wPartySpecies`. **Verified live** against the copy inside each `box_struct`.
WRAM0	-	$DA96	1	wBoxMon1Species	entry	Current Box Data	storage	rom,live	Species **internal index** — not the Pokedex number. `PokedexOrder` converts.
WRAM0	-	$DA96	1	wBoxMon1	alias	Current Box Data	storage	rom,live,inv	The first stored Pokemon, a whole 33-byte `box_struct`.
WRAM0	-	$DA96	1	wBoxMons	alias	Current Box Data	storage	rom,live,inv	Twenty 33-byte `box_struct`s. Eleven bytes shorter than a `party_struct` because a stored Pokemon keeps no level and no computed stats — both are recalculated from its experience and DVs when it is withdrawn.
WRAM0	-	$DA97	2	wBoxMon1HP	entry	Current Box Data	storage	live	Current HP, **big-endian**.
WRAM0	-	$DA99	1	wBoxMon1BoxLevel	entry	Current Box Data	storage	live	The level as stored. Kept in step with `Level` for a party Pokemon; for a stored one it is the only level there is.
WRAM0	-	$DA9A	1	wBoxMon1Status	entry	Current Box Data	storage	live	Sleep, poison, burn, freeze, paralysis, as one byte of flags and a sleep counter.
WRAM0	-	$DA9B	1	wBoxMon1Type1	entry	Current Box Data	storage	live	First type.
WRAM0	-	$DA9B	1	wBoxMon1Type	alias	Current Box Data	storage	live	The two type bytes as a pair.
WRAM0	-	$DA9C	1	wBoxMon1Type2	instance	Current Box Data	storage	live	Second type; equal to `Type1` for a single-typed Pokemon.
WRAM0	-	$DA9D	1	wBoxMon1CatchRate	entry	Current Box Data	storage	live	The species' base catch rate, copied in at capture. Held item in later generations; here it is the ball maths.
WRAM0	-	$DA9E	4	wBoxMon1Moves	entry	Current Box Data	storage	rom,live	Four move ids, 0 for an empty slot.
WRAM0	-	$DAA2	2	wBoxMon1OTID	entry	Current Box Data	storage	live	The original trainer's ID, **big-endian**. Compared against `wPlayerID` to decide whether this Pokemon was traded to you.
WRAM0	-	$DAA4	3	wBoxMon1Exp	entry	Current Box Data	storage	live	Experience, **three bytes big-endian**.
WRAM0	-	$DAA7	2	wBoxMon1HPExp	entry	Current Box Data	storage	live	Stat experience for HP, big-endian. Gained per battle and folded into the stat by `CalcStat`.
WRAM0	-	$DAA9	2	wBoxMon1AttackExp	entry	Current Box Data	storage	live	Stat experience for Attack.
WRAM0	-	$DAAB	2	wBoxMon1DefenseExp	entry	Current Box Data	storage	live	Stat experience for Defense.
WRAM0	-	$DAAD	2	wBoxMon1SpeedExp	entry	Current Box Data	storage	live	Stat experience for Speed.
WRAM0	-	$DAAF	2	wBoxMon1SpecialExp	entry	Current Box Data	storage	rom,live	Stat experience for Special.
WRAM0	-	$DAB1	2	wBoxMon1DVs	entry	Current Box Data	storage	live	Two bytes, four nybbles: attack, defense, speed, special. **The HP DV is not stored** — it is assembled from bit 0 of the other four, most significant first. These sixteen bits are the whole of what makes one Pokemon differ from another of its species and level.
WRAM0	-	$DAB3	4	wBoxMon1PP	entry	Current Box Data	storage	live	Four bytes: current PP in the low 6 bits, PP Ups applied in the top 2.
WRAM0	-	$DAB7	1	wBoxMon2	instance	Current Box Data	storage	rom,live,inv	
WRAM0	-	$DAB7	1	wBoxMon2Species	instance	Current Box Data	storage	rom,live	
WRAM0	-	$DAB8	2	wBoxMon2HP	instance	Current Box Data	storage	rom,live	
WRAM0	-	$DABA	1	wBoxMon2BoxLevel	instance	Current Box Data	storage	live	
WRAM0	-	$DABB	1	wBoxMon2Status	instance	Current Box Data	storage	live	
WRAM0	-	$DABC	1	wBoxMon2Type	instance	Current Box Data	storage	live	
WRAM0	-	$DABC	1	wBoxMon2Type1	instance	Current Box Data	storage	live	
WRAM0	-	$DABD	1	wBoxMon2Type2	instance	Current Box Data	storage	live	
WRAM0	-	$DABE	1	wBoxMon2CatchRate	instance	Current Box Data	storage	live	
WRAM0	-	$DABF	4	wBoxMon2Moves	instance	Current Box Data	storage	live	
WRAM0	-	$DAC3	2	wBoxMon2OTID	instance	Current Box Data	storage	live	
WRAM0	-	$DAC5	3	wBoxMon2Exp	instance	Current Box Data	storage	live	
WRAM0	-	$DAC8	2	wBoxMon2HPExp	instance	Current Box Data	storage	live	
WRAM0	-	$DACA	2	wBoxMon2AttackExp	instance	Current Box Data	storage	live	
WRAM0	-	$DACC	2	wBoxMon2DefenseExp	instance	Current Box Data	storage	live	
WRAM0	-	$DACE	2	wBoxMon2SpeedExp	instance	Current Box Data	storage	live	
WRAM0	-	$DAD0	2	wBoxMon2SpecialExp	instance	Current Box Data	storage	live	
WRAM0	-	$DAD2	2	wBoxMon2DVs	instance	Current Box Data	storage	live	
WRAM0	-	$DAD4	4	wBoxMon2PP	instance	Current Box Data	storage	live	
WRAM0	-	$DAD8	1	wBoxMon3	instance	Current Box Data	storage	live	
WRAM0	-	$DAD8	1	wBoxMon3Species	instance	Current Box Data	storage	live	
WRAM0	-	$DAD9	2	wBoxMon3HP	instance	Current Box Data	storage	live	
WRAM0	-	$DADB	1	wBoxMon3BoxLevel	instance	Current Box Data	storage	live	
WRAM0	-	$DADC	1	wBoxMon3Status	instance	Current Box Data	storage	live	
WRAM0	-	$DADD	1	wBoxMon3Type	instance	Current Box Data	storage	live	
WRAM0	-	$DADD	1	wBoxMon3Type1	instance	Current Box Data	storage	live	
WRAM0	-	$DADE	1	wBoxMon3Type2	instance	Current Box Data	storage	live	
WRAM0	-	$DADF	1	wBoxMon3CatchRate	instance	Current Box Data	storage	live	
WRAM0	-	$DAE0	4	wBoxMon3Moves	instance	Current Box Data	storage	live	
WRAM0	-	$DAE4	2	wBoxMon3OTID	instance	Current Box Data	storage	live	
WRAM0	-	$DAE6	3	wBoxMon3Exp	instance	Current Box Data	storage	live	
WRAM0	-	$DAE9	2	wBoxMon3HPExp	instance	Current Box Data	storage	live	
WRAM0	-	$DAEB	2	wBoxMon3AttackExp	instance	Current Box Data	storage	live	
WRAM0	-	$DAED	2	wBoxMon3DefenseExp	instance	Current Box Data	storage	live	
WRAM0	-	$DAEF	2	wBoxMon3SpeedExp	instance	Current Box Data	storage	live	
WRAM0	-	$DAF1	2	wBoxMon3SpecialExp	instance	Current Box Data	storage	live	
WRAM0	-	$DAF3	2	wBoxMon3DVs	instance	Current Box Data	storage	live	
WRAM0	-	$DAF5	4	wBoxMon3PP	instance	Current Box Data	storage	live	
WRAM0	-	$DAF9	1	wBoxMon4	instance	Current Box Data	storage	live	
WRAM0	-	$DAF9	1	wBoxMon4Species	instance	Current Box Data	storage	live	
WRAM0	-	$DAFA	2	wBoxMon4HP	instance	Current Box Data	storage	live	
WRAM0	-	$DAFC	1	wBoxMon4BoxLevel	instance	Current Box Data	storage	rom,live	
WRAM0	-	$DAFD	1	wBoxMon4Status	instance	Current Box Data	storage	live	
WRAM0	-	$DAFE	1	wBoxMon4Type	instance	Current Box Data	storage	live	
WRAM0	-	$DAFE	1	wBoxMon4Type1	instance	Current Box Data	storage	live	
WRAM0	-	$DAFF	1	wBoxMon4Type2	instance	Current Box Data	storage	live	
WRAM0	-	$DB00	1	wBoxMon4CatchRate	instance	Current Box Data	storage	live	
WRAM0	-	$DB01	4	wBoxMon4Moves	instance	Current Box Data	storage	live	
WRAM0	-	$DB05	2	wBoxMon4OTID	instance	Current Box Data	storage	live	
WRAM0	-	$DB07	3	wBoxMon4Exp	instance	Current Box Data	storage	live	
WRAM0	-	$DB0A	2	wBoxMon4HPExp	instance	Current Box Data	storage	rom,live	
WRAM0	-	$DB0C	2	wBoxMon4AttackExp	instance	Current Box Data	storage	live	
WRAM0	-	$DB0E	2	wBoxMon4DefenseExp	instance	Current Box Data	storage	live	
WRAM0	-	$DB10	2	wBoxMon4SpeedExp	instance	Current Box Data	storage	rom,live	
WRAM0	-	$DB12	2	wBoxMon4SpecialExp	instance	Current Box Data	storage	live	
WRAM0	-	$DB14	2	wBoxMon4DVs	instance	Current Box Data	storage	live	
WRAM0	-	$DB16	4	wBoxMon4PP	instance	Current Box Data	storage	live	
WRAM0	-	$DB1A	1	wBoxMon5	instance	Current Box Data	storage	live	
WRAM0	-	$DB1A	1	wBoxMon5Species	instance	Current Box Data	storage	live	
WRAM0	-	$DB1B	2	wBoxMon5HP	instance	Current Box Data	storage	live	
WRAM0	-	$DB1D	1	wBoxMon5BoxLevel	instance	Current Box Data	storage	live	
WRAM0	-	$DB1E	1	wBoxMon5Status	instance	Current Box Data	storage	live	
WRAM0	-	$DB1F	1	wBoxMon5Type	instance	Current Box Data	storage	live	
WRAM0	-	$DB1F	1	wBoxMon5Type1	instance	Current Box Data	storage	live	
WRAM0	-	$DB20	1	wBoxMon5Type2	instance	Current Box Data	storage	rom,live	
WRAM0	-	$DB21	1	wBoxMon5CatchRate	instance	Current Box Data	storage	rom,live	
WRAM0	-	$DB22	4	wBoxMon5Moves	instance	Current Box Data	storage	live	
WRAM0	-	$DB26	2	wBoxMon5OTID	instance	Current Box Data	storage	live	
WRAM0	-	$DB28	3	wBoxMon5Exp	instance	Current Box Data	storage	live	
WRAM0	-	$DB2B	2	wBoxMon5HPExp	instance	Current Box Data	storage	live	
WRAM0	-	$DB2D	2	wBoxMon5AttackExp	instance	Current Box Data	storage	live	
WRAM0	-	$DB2F	2	wBoxMon5DefenseExp	instance	Current Box Data	storage	live	
WRAM0	-	$DB31	2	wBoxMon5SpeedExp	instance	Current Box Data	storage	live	
WRAM0	-	$DB33	2	wBoxMon5SpecialExp	instance	Current Box Data	storage	live	
WRAM0	-	$DB35	2	wBoxMon5DVs	instance	Current Box Data	storage	live	
WRAM0	-	$DB37	4	wBoxMon5PP	instance	Current Box Data	storage	live	
WRAM0	-	$DB3B	1	wBoxMon6	instance	Current Box Data	storage	live	
WRAM0	-	$DB3B	1	wBoxMon6Species	instance	Current Box Data	storage	live	
WRAM0	-	$DB3C	2	wBoxMon6HP	instance	Current Box Data	storage	live	
WRAM0	-	$DB3E	1	wBoxMon6BoxLevel	instance	Current Box Data	storage	live	
WRAM0	-	$DB3F	1	wBoxMon6Status	instance	Current Box Data	storage	live	
WRAM0	-	$DB40	1	wBoxMon6Type	instance	Current Box Data	storage	rom,live	
WRAM0	-	$DB40	1	wBoxMon6Type1	instance	Current Box Data	storage	rom,live	
WRAM0	-	$DB41	1	wBoxMon6Type2	instance	Current Box Data	storage	live	
WRAM0	-	$DB42	1	wBoxMon6CatchRate	instance	Current Box Data	storage	live	
WRAM0	-	$DB43	4	wBoxMon6Moves	instance	Current Box Data	storage	live	
WRAM0	-	$DB47	2	wBoxMon6OTID	instance	Current Box Data	storage	live	
WRAM0	-	$DB49	3	wBoxMon6Exp	instance	Current Box Data	storage	live	
WRAM0	-	$DB4C	2	wBoxMon6HPExp	instance	Current Box Data	storage	live	
WRAM0	-	$DB4E	2	wBoxMon6AttackExp	instance	Current Box Data	storage	live	
WRAM0	-	$DB50	2	wBoxMon6DefenseExp	instance	Current Box Data	storage	live	
WRAM0	-	$DB52	2	wBoxMon6SpeedExp	instance	Current Box Data	storage	live	
WRAM0	-	$DB54	2	wBoxMon6SpecialExp	instance	Current Box Data	storage	live	
WRAM0	-	$DB56	2	wBoxMon6DVs	instance	Current Box Data	storage	live	
WRAM0	-	$DB58	4	wBoxMon6PP	instance	Current Box Data	storage	live	
WRAM0	-	$DB5C	1	wBoxMon7	instance	Current Box Data	storage	rom,live	
WRAM0	-	$DB5C	1	wBoxMon7Species	instance	Current Box Data	storage	rom,live	
WRAM0	-	$DB5D	2	wBoxMon7HP	instance	Current Box Data	storage	live	
WRAM0	-	$DB5F	1	wBoxMon7BoxLevel	instance	Current Box Data	storage	live	
WRAM0	-	$DB60	1	wBoxMon7Status	instance	Current Box Data	storage	live	
WRAM0	-	$DB61	1	wBoxMon7Type	instance	Current Box Data	storage	live	
WRAM0	-	$DB61	1	wBoxMon7Type1	instance	Current Box Data	storage	live	
WRAM0	-	$DB62	1	wBoxMon7Type2	instance	Current Box Data	storage	live	
WRAM0	-	$DB63	1	wBoxMon7CatchRate	instance	Current Box Data	storage	live	
WRAM0	-	$DB64	4	wBoxMon7Moves	instance	Current Box Data	storage	live	
WRAM0	-	$DB68	2	wBoxMon7OTID	instance	Current Box Data	storage	live	
WRAM0	-	$DB6A	3	wBoxMon7Exp	instance	Current Box Data	storage	live	
WRAM0	-	$DB6D	2	wBoxMon7HPExp	instance	Current Box Data	storage	live	
WRAM0	-	$DB6F	2	wBoxMon7AttackExp	instance	Current Box Data	storage	live	
WRAM0	-	$DB71	2	wBoxMon7DefenseExp	instance	Current Box Data	storage	live	
WRAM0	-	$DB73	2	wBoxMon7SpeedExp	instance	Current Box Data	storage	live	
WRAM0	-	$DB75	2	wBoxMon7SpecialExp	instance	Current Box Data	storage	live	
WRAM0	-	$DB77	2	wBoxMon7DVs	instance	Current Box Data	storage	live	
WRAM0	-	$DB79	4	wBoxMon7PP	instance	Current Box Data	storage	rom,live	
WRAM0	-	$DB7D	1	wBoxMon8	instance	Current Box Data	storage	live	
WRAM0	-	$DB7D	1	wBoxMon8Species	instance	Current Box Data	storage	live	
WRAM0	-	$DB7E	2	wBoxMon8HP	instance	Current Box Data	storage	live	
WRAM0	-	$DB80	1	wBoxMon8BoxLevel	instance	Current Box Data	storage	live	
WRAM0	-	$DB81	1	wBoxMon8Status	instance	Current Box Data	storage	live	
WRAM0	-	$DB82	1	wBoxMon8Type	instance	Current Box Data	storage	live	
WRAM0	-	$DB82	1	wBoxMon8Type1	instance	Current Box Data	storage	live	
WRAM0	-	$DB83	1	wBoxMon8Type2	instance	Current Box Data	storage	live	
WRAM0	-	$DB84	1	wBoxMon8CatchRate	instance	Current Box Data	storage	live	
WRAM0	-	$DB85	4	wBoxMon8Moves	instance	Current Box Data	storage	live	
WRAM0	-	$DB89	2	wBoxMon8OTID	instance	Current Box Data	storage	live	
WRAM0	-	$DB8B	3	wBoxMon8Exp	instance	Current Box Data	storage	live	
WRAM0	-	$DB8E	2	wBoxMon8HPExp	instance	Current Box Data	storage	rom,live	
WRAM0	-	$DB90	2	wBoxMon8AttackExp	instance	Current Box Data	storage	live	
WRAM0	-	$DB92	2	wBoxMon8DefenseExp	instance	Current Box Data	storage	live	
WRAM0	-	$DB94	2	wBoxMon8SpeedExp	instance	Current Box Data	storage	rom,live	
WRAM0	-	$DB96	2	wBoxMon8SpecialExp	instance	Current Box Data	storage	live	
WRAM0	-	$DB98	2	wBoxMon8DVs	instance	Current Box Data	storage	live	
WRAM0	-	$DB9A	4	wBoxMon8PP	instance	Current Box Data	storage	live	
WRAM0	-	$DB9E	1	wBoxMon9	instance	Current Box Data	storage	live	
WRAM0	-	$DB9E	1	wBoxMon9Species	instance	Current Box Data	storage	live	
WRAM0	-	$DB9F	2	wBoxMon9HP	instance	Current Box Data	storage	live	
WRAM0	-	$DBA1	1	wBoxMon9BoxLevel	instance	Current Box Data	storage	live	
WRAM0	-	$DBA2	1	wBoxMon9Status	instance	Current Box Data	storage	live	
WRAM0	-	$DBA3	1	wBoxMon9Type	instance	Current Box Data	storage	live	
WRAM0	-	$DBA3	1	wBoxMon9Type1	instance	Current Box Data	storage	live	
WRAM0	-	$DBA4	1	wBoxMon9Type2	instance	Current Box Data	storage	live	
WRAM0	-	$DBA5	1	wBoxMon9CatchRate	instance	Current Box Data	storage	live	
WRAM0	-	$DBA6	4	wBoxMon9Moves	instance	Current Box Data	storage	live	
WRAM0	-	$DBAA	2	wBoxMon9OTID	instance	Current Box Data	storage	live	
WRAM0	-	$DBAC	3	wBoxMon9Exp	instance	Current Box Data	storage	live	
WRAM0	-	$DBAF	2	wBoxMon9HPExp	instance	Current Box Data	storage	live	
WRAM0	-	$DBB1	2	wBoxMon9AttackExp	instance	Current Box Data	storage	live	
WRAM0	-	$DBB3	2	wBoxMon9DefenseExp	instance	Current Box Data	storage	live	
WRAM0	-	$DBB5	2	wBoxMon9SpeedExp	instance	Current Box Data	storage	live	
WRAM0	-	$DBB7	2	wBoxMon9SpecialExp	instance	Current Box Data	storage	live	
WRAM0	-	$DBB9	2	wBoxMon9DVs	instance	Current Box Data	storage	live	
WRAM0	-	$DBBB	4	wBoxMon9PP	instance	Current Box Data	storage	live	
WRAM0	-	$DBBF	1	wBoxMon10	instance	Current Box Data	storage	live	
WRAM0	-	$DBBF	1	wBoxMon10Species	instance	Current Box Data	storage	live	
WRAM0	-	$DBC0	2	wBoxMon10HP	instance	Current Box Data	storage	live	
WRAM0	-	$DBC2	1	wBoxMon10BoxLevel	instance	Current Box Data	storage	rom,live	
WRAM0	-	$DBC3	1	wBoxMon10Status	instance	Current Box Data	storage	rom,live	
WRAM0	-	$DBC4	1	wBoxMon10Type	instance	Current Box Data	storage	live	
WRAM0	-	$DBC4	1	wBoxMon10Type1	instance	Current Box Data	storage	live	
WRAM0	-	$DBC5	1	wBoxMon10Type2	instance	Current Box Data	storage	live	
WRAM0	-	$DBC6	1	wBoxMon10CatchRate	instance	Current Box Data	storage	live	
WRAM0	-	$DBC7	4	wBoxMon10Moves	instance	Current Box Data	storage	live	
WRAM0	-	$DBCB	2	wBoxMon10OTID	instance	Current Box Data	storage	live	
WRAM0	-	$DBCD	3	wBoxMon10Exp	instance	Current Box Data	storage	live	
WRAM0	-	$DBD0	2	wBoxMon10HPExp	instance	Current Box Data	storage	live	
WRAM0	-	$DBD2	2	wBoxMon10AttackExp	instance	Current Box Data	storage	live	
WRAM0	-	$DBD4	2	wBoxMon10DefenseExp	instance	Current Box Data	storage	live	
WRAM0	-	$DBD6	2	wBoxMon10SpeedExp	instance	Current Box Data	storage	live	
WRAM0	-	$DBD8	2	wBoxMon10SpecialExp	instance	Current Box Data	storage	live	
WRAM0	-	$DBDA	2	wBoxMon10DVs	instance	Current Box Data	storage	live	
WRAM0	-	$DBDC	4	wBoxMon10PP	instance	Current Box Data	storage	live	
WRAM0	-	$DBE0	1	wBoxMon11	instance	Current Box Data	storage	rom,live	
WRAM0	-	$DBE0	1	wBoxMon11Species	instance	Current Box Data	storage	rom,live	
WRAM0	-	$DBE1	2	wBoxMon11HP	instance	Current Box Data	storage	live	
WRAM0	-	$DBE3	1	wBoxMon11BoxLevel	instance	Current Box Data	storage	live	
WRAM0	-	$DBE4	1	wBoxMon11Status	instance	Current Box Data	storage	live	
WRAM0	-	$DBE5	1	wBoxMon11Type	instance	Current Box Data	storage	live	
WRAM0	-	$DBE5	1	wBoxMon11Type1	instance	Current Box Data	storage	live	
WRAM0	-	$DBE6	1	wBoxMon11Type2	instance	Current Box Data	storage	live	
WRAM0	-	$DBE7	1	wBoxMon11CatchRate	instance	Current Box Data	storage	live	
WRAM0	-	$DBE8	4	wBoxMon11Moves	instance	Current Box Data	storage	live	
WRAM0	-	$DBEC	2	wBoxMon11OTID	instance	Current Box Data	storage	live	
WRAM0	-	$DBEE	3	wBoxMon11Exp	instance	Current Box Data	storage	live	
WRAM0	-	$DBF1	2	wBoxMon11HPExp	instance	Current Box Data	storage	live	
WRAM0	-	$DBF3	2	wBoxMon11AttackExp	instance	Current Box Data	storage	live	
WRAM0	-	$DBF5	2	wBoxMon11DefenseExp	instance	Current Box Data	storage	live	
WRAM0	-	$DBF7	2	wBoxMon11SpeedExp	instance	Current Box Data	storage	live	
WRAM0	-	$DBF9	2	wBoxMon11SpecialExp	instance	Current Box Data	storage	live	
WRAM0	-	$DBFB	2	wBoxMon11DVs	instance	Current Box Data	storage	live	
WRAM0	-	$DBFD	4	wBoxMon11PP	instance	Current Box Data	storage	live	
WRAM0	-	$DC01	1	wBoxMon12	instance	Current Box Data	storage	rom,live	
WRAM0	-	$DC01	1	wBoxMon12Species	instance	Current Box Data	storage	rom,live	
WRAM0	-	$DC02	2	wBoxMon12HP	instance	Current Box Data	storage	live	
WRAM0	-	$DC04	1	wBoxMon12BoxLevel	instance	Current Box Data	storage	live	
WRAM0	-	$DC05	1	wBoxMon12Status	instance	Current Box Data	storage	live	
WRAM0	-	$DC06	1	wBoxMon12Type	instance	Current Box Data	storage	live	
WRAM0	-	$DC06	1	wBoxMon12Type1	instance	Current Box Data	storage	live	
WRAM0	-	$DC07	1	wBoxMon12Type2	instance	Current Box Data	storage	live	
WRAM0	-	$DC08	1	wBoxMon12CatchRate	instance	Current Box Data	storage	live	
WRAM0	-	$DC09	4	wBoxMon12Moves	instance	Current Box Data	storage	rom,live	
WRAM0	-	$DC0D	2	wBoxMon12OTID	instance	Current Box Data	storage	live	
WRAM0	-	$DC0F	3	wBoxMon12Exp	instance	Current Box Data	storage	live	
WRAM0	-	$DC12	2	wBoxMon12HPExp	instance	Current Box Data	storage	live	
WRAM0	-	$DC14	2	wBoxMon12AttackExp	instance	Current Box Data	storage	rom,live	
WRAM0	-	$DC16	2	wBoxMon12DefenseExp	instance	Current Box Data	storage	live	
WRAM0	-	$DC18	2	wBoxMon12SpeedExp	instance	Current Box Data	storage	live	
WRAM0	-	$DC1A	2	wBoxMon12SpecialExp	instance	Current Box Data	storage	rom,live	
WRAM0	-	$DC1C	2	wBoxMon12DVs	instance	Current Box Data	storage	live	
WRAM0	-	$DC1E	4	wBoxMon12PP	instance	Current Box Data	storage	live	
WRAM0	-	$DC22	1	wBoxMon13	instance	Current Box Data	storage	live	
WRAM0	-	$DC22	1	wBoxMon13Species	instance	Current Box Data	storage	live	
WRAM0	-	$DC23	2	wBoxMon13HP	instance	Current Box Data	storage	rom,live	
WRAM0	-	$DC25	1	wBoxMon13BoxLevel	instance	Current Box Data	storage	rom,live	
WRAM0	-	$DC26	1	wBoxMon13Status	instance	Current Box Data	storage	live	
WRAM0	-	$DC27	1	wBoxMon13Type	instance	Current Box Data	storage	live	
WRAM0	-	$DC27	1	wBoxMon13Type1	instance	Current Box Data	storage	live	
WRAM0	-	$DC28	1	wBoxMon13Type2	instance	Current Box Data	storage	live	
WRAM0	-	$DC29	1	wBoxMon13CatchRate	instance	Current Box Data	storage	live	
WRAM0	-	$DC2A	4	wBoxMon13Moves	instance	Current Box Data	storage	live	
WRAM0	-	$DC2E	2	wBoxMon13OTID	instance	Current Box Data	storage	live	
WRAM0	-	$DC30	3	wBoxMon13Exp	instance	Current Box Data	storage	live	
WRAM0	-	$DC33	2	wBoxMon13HPExp	instance	Current Box Data	storage	live	
WRAM0	-	$DC35	2	wBoxMon13AttackExp	instance	Current Box Data	storage	live	
WRAM0	-	$DC37	2	wBoxMon13DefenseExp	instance	Current Box Data	storage	live	
WRAM0	-	$DC39	2	wBoxMon13SpeedExp	instance	Current Box Data	storage	live	
WRAM0	-	$DC3B	2	wBoxMon13SpecialExp	instance	Current Box Data	storage	live	
WRAM0	-	$DC3D	2	wBoxMon13DVs	instance	Current Box Data	storage	live	
WRAM0	-	$DC3F	4	wBoxMon13PP	instance	Current Box Data	storage	rom,live	
WRAM0	-	$DC43	1	wBoxMon14	instance	Current Box Data	storage	rom,live	
WRAM0	-	$DC43	1	wBoxMon14Species	instance	Current Box Data	storage	rom,live	
WRAM0	-	$DC44	2	wBoxMon14HP	instance	Current Box Data	storage	live	
WRAM0	-	$DC46	1	wBoxMon14BoxLevel	instance	Current Box Data	storage	live	
WRAM0	-	$DC47	1	wBoxMon14Status	instance	Current Box Data	storage	rom,live	
WRAM0	-	$DC48	1	wBoxMon14Type	instance	Current Box Data	storage	live	
WRAM0	-	$DC48	1	wBoxMon14Type1	instance	Current Box Data	storage	live	
WRAM0	-	$DC49	1	wBoxMon14Type2	instance	Current Box Data	storage	rom,live	
WRAM0	-	$DC4A	1	wBoxMon14CatchRate	instance	Current Box Data	storage	live	
WRAM0	-	$DC4B	4	wBoxMon14Moves	instance	Current Box Data	storage	live	
WRAM0	-	$DC4F	2	wBoxMon14OTID	instance	Current Box Data	storage	live	
WRAM0	-	$DC51	3	wBoxMon14Exp	instance	Current Box Data	storage	live	
WRAM0	-	$DC54	2	wBoxMon14HPExp	instance	Current Box Data	storage	live	
WRAM0	-	$DC56	2	wBoxMon14AttackExp	instance	Current Box Data	storage	live	
WRAM0	-	$DC58	2	wBoxMon14DefenseExp	instance	Current Box Data	storage	live	
WRAM0	-	$DC5A	2	wBoxMon14SpeedExp	instance	Current Box Data	storage	live	
WRAM0	-	$DC5C	2	wBoxMon14SpecialExp	instance	Current Box Data	storage	live	
WRAM0	-	$DC5E	2	wBoxMon14DVs	instance	Current Box Data	storage	rom,live	
WRAM0	-	$DC60	4	wBoxMon14PP	instance	Current Box Data	storage	rom,live	
WRAM0	-	$DC64	1	wBoxMon15	instance	Current Box Data	storage	rom,live	
WRAM0	-	$DC64	1	wBoxMon15Species	instance	Current Box Data	storage	rom,live	
WRAM0	-	$DC65	2	wBoxMon15HP	instance	Current Box Data	storage	rom,live	
WRAM0	-	$DC67	1	wBoxMon15BoxLevel	instance	Current Box Data	storage	rom,live	
WRAM0	-	$DC68	1	wBoxMon15Status	instance	Current Box Data	storage		
WRAM0	-	$DC69	1	wBoxMon15Type	instance	Current Box Data	storage	rom,live	
WRAM0	-	$DC69	1	wBoxMon15Type1	instance	Current Box Data	storage	rom,live	
WRAM0	-	$DC6A	1	wBoxMon15Type2	instance	Current Box Data	storage	live	
WRAM0	-	$DC6B	1	wBoxMon15CatchRate	instance	Current Box Data	storage	live	
WRAM0	-	$DC6C	4	wBoxMon15Moves	instance	Current Box Data	storage	live	
WRAM0	-	$DC70	2	wBoxMon15OTID	instance	Current Box Data	storage	live	
WRAM0	-	$DC72	3	wBoxMon15Exp	instance	Current Box Data	storage	live	
WRAM0	-	$DC75	2	wBoxMon15HPExp	instance	Current Box Data	storage	live	
WRAM0	-	$DC77	2	wBoxMon15AttackExp	instance	Current Box Data	storage	rom,live	
WRAM0	-	$DC79	2	wBoxMon15DefenseExp	instance	Current Box Data	storage	live	
WRAM0	-	$DC7B	2	wBoxMon15SpeedExp	instance	Current Box Data	storage	rom,live	
WRAM0	-	$DC7D	2	wBoxMon15SpecialExp	instance	Current Box Data	storage	live	
WRAM0	-	$DC7F	2	wBoxMon15DVs	instance	Current Box Data	storage	live	
WRAM0	-	$DC81	4	wBoxMon15PP	instance	Current Box Data	storage	live	
WRAM0	-	$DC85	1	wBoxMon16	instance	Current Box Data	storage	rom,live	
WRAM0	-	$DC85	1	wBoxMon16Species	instance	Current Box Data	storage	rom,live	
WRAM0	-	$DC86	2	wBoxMon16HP	instance	Current Box Data	storage	live	
WRAM0	-	$DC88	1	wBoxMon16BoxLevel	instance	Current Box Data	storage	live	
WRAM0	-	$DC89	1	wBoxMon16Status	instance	Current Box Data	storage	rom,live	
WRAM0	-	$DC8A	1	wBoxMon16Type	instance	Current Box Data	storage	live	
WRAM0	-	$DC8A	1	wBoxMon16Type1	instance	Current Box Data	storage	live	
WRAM0	-	$DC8B	1	wBoxMon16Type2	instance	Current Box Data	storage	live	
WRAM0	-	$DC8C	1	wBoxMon16CatchRate	instance	Current Box Data	storage	live	
WRAM0	-	$DC8D	4	wBoxMon16Moves	instance	Current Box Data	storage	live	
WRAM0	-	$DC91	2	wBoxMon16OTID	instance	Current Box Data	storage	rom,live	
WRAM0	-	$DC93	3	wBoxMon16Exp	instance	Current Box Data	storage	live	
WRAM0	-	$DC96	2	wBoxMon16HPExp	instance	Current Box Data	storage	live	
WRAM0	-	$DC98	2	wBoxMon16AttackExp	instance	Current Box Data	storage	live	
WRAM0	-	$DC9A	2	wBoxMon16DefenseExp	instance	Current Box Data	storage	live	
WRAM0	-	$DC9C	2	wBoxMon16SpeedExp	instance	Current Box Data	storage	live	
WRAM0	-	$DC9E	2	wBoxMon16SpecialExp	instance	Current Box Data	storage	live	
WRAM0	-	$DCA0	2	wBoxMon16DVs	instance	Current Box Data	storage	live	
WRAM0	-	$DCA2	4	wBoxMon16PP	instance	Current Box Data	storage	live	
WRAM0	-	$DCA6	1	wBoxMon17	instance	Current Box Data	storage	live	
WRAM0	-	$DCA6	1	wBoxMon17Species	instance	Current Box Data	storage	live	
WRAM0	-	$DCA7	2	wBoxMon17HP	instance	Current Box Data	storage	live	
WRAM0	-	$DCA9	1	wBoxMon17BoxLevel	instance	Current Box Data	storage	live	
WRAM0	-	$DCAA	1	wBoxMon17Status	instance	Current Box Data	storage	live	
WRAM0	-	$DCAB	1	wBoxMon17Type	instance	Current Box Data	storage	live	
WRAM0	-	$DCAB	1	wBoxMon17Type1	instance	Current Box Data	storage	live	
WRAM0	-	$DCAC	1	wBoxMon17Type2	instance	Current Box Data	storage	live	
WRAM0	-	$DCAD	1	wBoxMon17CatchRate	instance	Current Box Data	storage	live	
WRAM0	-	$DCAE	4	wBoxMon17Moves	instance	Current Box Data	storage	live	
WRAM0	-	$DCB2	2	wBoxMon17OTID	instance	Current Box Data	storage	rom,live	
WRAM0	-	$DCB4	3	wBoxMon17Exp	instance	Current Box Data	storage	live	
WRAM0	-	$DCB7	2	wBoxMon17HPExp	instance	Current Box Data	storage	rom,live	
WRAM0	-	$DCB9	2	wBoxMon17AttackExp	instance	Current Box Data	storage	live	
WRAM0	-	$DCBB	2	wBoxMon17DefenseExp	instance	Current Box Data	storage	live	
WRAM0	-	$DCBD	2	wBoxMon17SpeedExp	instance	Current Box Data	storage	live	
WRAM0	-	$DCBF	2	wBoxMon17SpecialExp	instance	Current Box Data	storage	live	
WRAM0	-	$DCC1	2	wBoxMon17DVs	instance	Current Box Data	storage	rom,live	
WRAM0	-	$DCC3	4	wBoxMon17PP	instance	Current Box Data	storage	rom,live	
WRAM0	-	$DCC7	1	wBoxMon18	instance	Current Box Data	storage	live	
WRAM0	-	$DCC7	1	wBoxMon18Species	instance	Current Box Data	storage	live	
WRAM0	-	$DCC8	2	wBoxMon18HP	instance	Current Box Data	storage	live	
WRAM0	-	$DCCA	1	wBoxMon18BoxLevel	instance	Current Box Data	storage	live	
WRAM0	-	$DCCB	1	wBoxMon18Status	instance	Current Box Data	storage	live	
WRAM0	-	$DCCC	1	wBoxMon18Type	instance	Current Box Data	storage	live	
WRAM0	-	$DCCC	1	wBoxMon18Type1	instance	Current Box Data	storage	live	
WRAM0	-	$DCCD	1	wBoxMon18Type2	instance	Current Box Data	storage	live	
WRAM0	-	$DCCE	1	wBoxMon18CatchRate	instance	Current Box Data	storage	live	
WRAM0	-	$DCCF	4	wBoxMon18Moves	instance	Current Box Data	storage	live	
WRAM0	-	$DCD3	2	wBoxMon18OTID	instance	Current Box Data	storage	live	
WRAM0	-	$DCD5	3	wBoxMon18Exp	instance	Current Box Data	storage	live	
WRAM0	-	$DCD8	2	wBoxMon18HPExp	instance	Current Box Data	storage	live	
WRAM0	-	$DCDA	2	wBoxMon18AttackExp	instance	Current Box Data	storage	rom,live	
WRAM0	-	$DCDC	2	wBoxMon18DefenseExp	instance	Current Box Data	storage	rom,live	
WRAM0	-	$DCDE	2	wBoxMon18SpeedExp	instance	Current Box Data	storage	live	
WRAM0	-	$DCE0	2	wBoxMon18SpecialExp	instance	Current Box Data	storage	live	
WRAM0	-	$DCE2	2	wBoxMon18DVs	instance	Current Box Data	storage	live	
WRAM0	-	$DCE4	4	wBoxMon18PP	instance	Current Box Data	storage	live	
WRAM0	-	$DCE8	1	wBoxMon19	instance	Current Box Data	storage	rom,live	
WRAM0	-	$DCE8	1	wBoxMon19Species	instance	Current Box Data	storage	rom,live	
WRAM0	-	$DCE9	2	wBoxMon19HP	instance	Current Box Data	storage	live	
WRAM0	-	$DCEB	1	wBoxMon19BoxLevel	instance	Current Box Data	storage	live	
WRAM0	-	$DCEC	1	wBoxMon19Status	instance	Current Box Data	storage	live	
WRAM0	-	$DCED	1	wBoxMon19Type	instance	Current Box Data	storage	live	
WRAM0	-	$DCED	1	wBoxMon19Type1	instance	Current Box Data	storage	live	
WRAM0	-	$DCEE	1	wBoxMon19Type2	instance	Current Box Data	storage	live	
WRAM0	-	$DCEF	1	wBoxMon19CatchRate	instance	Current Box Data	storage	live	
WRAM0	-	$DCF0	4	wBoxMon19Moves	instance	Current Box Data	storage	live	
WRAM0	-	$DCF4	2	wBoxMon19OTID	instance	Current Box Data	storage	live	
WRAM0	-	$DCF6	3	wBoxMon19Exp	instance	Current Box Data	storage	live	
WRAM0	-	$DCF9	2	wBoxMon19HPExp	instance	Current Box Data	storage	live	
WRAM0	-	$DCFB	2	wBoxMon19AttackExp	instance	Current Box Data	storage	live	
WRAM0	-	$DCFD	2	wBoxMon19DefenseExp	instance	Current Box Data	storage	live	
WRAM0	-	$DCFF	2	wBoxMon19SpeedExp	instance	Current Box Data	storage	rom,live	
WRAM0	-	$DD01	2	wBoxMon19SpecialExp	instance	Current Box Data	storage	rom,live	
WRAM0	-	$DD03	2	wBoxMon19DVs	instance	Current Box Data	storage	live	
WRAM0	-	$DD05	4	wBoxMon19PP	instance	Current Box Data	storage	live	
WRAM0	-	$DD09	1	wBoxMon20	instance	Current Box Data	storage	live	
WRAM0	-	$DD09	1	wBoxMon20Species	instance	Current Box Data	storage	live	
WRAM0	-	$DD0A	2	wBoxMon20HP	instance	Current Box Data	storage	live	
WRAM0	-	$DD0C	1	wBoxMon20BoxLevel	instance	Current Box Data	storage	live	
WRAM0	-	$DD0D	1	wBoxMon20Status	instance	Current Box Data	storage	live	
WRAM0	-	$DD0E	1	wBoxMon20Type	instance	Current Box Data	storage	live	
WRAM0	-	$DD0E	1	wBoxMon20Type1	instance	Current Box Data	storage	live	
WRAM0	-	$DD0F	1	wBoxMon20Type2	instance	Current Box Data	storage	live	
WRAM0	-	$DD10	1	wBoxMon20CatchRate	instance	Current Box Data	storage	live	
WRAM0	-	$DD11	4	wBoxMon20Moves	instance	Current Box Data	storage	rom,live	
WRAM0	-	$DD15	2	wBoxMon20OTID	instance	Current Box Data	storage	live	
WRAM0	-	$DD17	3	wBoxMon20Exp	instance	Current Box Data	storage	live	
WRAM0	-	$DD1A	2	wBoxMon20HPExp	instance	Current Box Data	storage	live	
WRAM0	-	$DD1C	2	wBoxMon20AttackExp	instance	Current Box Data	storage	live	
WRAM0	-	$DD1E	2	wBoxMon20DefenseExp	instance	Current Box Data	storage	live	
WRAM0	-	$DD20	2	wBoxMon20SpeedExp	instance	Current Box Data	storage	rom,live	
WRAM0	-	$DD22	2	wBoxMon20SpecialExp	instance	Current Box Data	storage	live	
WRAM0	-	$DD24	2	wBoxMon20DVs	instance	Current Box Data	storage	live	
WRAM0	-	$DD26	4	wBoxMon20PP	instance	Current Box Data	storage	live	
WRAM0	-	$DD2A	11	wBoxMon1OT	entry	Current Box Data	storage	rom,live	Box slot 1's original-trainer name, 11 bytes.
WRAM0	-	$DD2A	11	wBoxMonOT	alias	Current Box Data	storage	rom,live	Twenty 11-byte original-trainer names.
WRAM0	-	$DD35	11	wBoxMon2OT	instance	Current Box Data	storage	live	
WRAM0	-	$DD40	11	wBoxMon3OT	instance	Current Box Data	storage	live	
WRAM0	-	$DD4B	11	wBoxMon4OT	instance	Current Box Data	storage	live	
WRAM0	-	$DD56	11	wBoxMon5OT	instance	Current Box Data	storage	live	
WRAM0	-	$DD61	11	wBoxMon6OT	instance	Current Box Data	storage	live	
WRAM0	-	$DD6C	11	wBoxMon7OT	instance	Current Box Data	storage	live	
WRAM0	-	$DD77	11	wBoxMon8OT	instance	Current Box Data	storage	live	
WRAM0	-	$DD82	11	wBoxMon9OT	instance	Current Box Data	storage	live	
WRAM0	-	$DD8D	11	wBoxMon10OT	instance	Current Box Data	storage	live	
WRAM0	-	$DD98	11	wBoxMon11OT	instance	Current Box Data	storage	live	
WRAM0	-	$DDA3	11	wBoxMon12OT	instance	Current Box Data	storage	live	
WRAM0	-	$DDAE	11	wBoxMon13OT	instance	Current Box Data	storage	live	
WRAM0	-	$DDB9	11	wBoxMon14OT	instance	Current Box Data	storage	live	
WRAM0	-	$DDC4	11	wBoxMon15OT	instance	Current Box Data	storage	live	
WRAM0	-	$DDCF	11	wBoxMon16OT	instance	Current Box Data	storage	live	
WRAM0	-	$DDDA	11	wBoxMon17OT	instance	Current Box Data	storage	live	
WRAM0	-	$DDE5	11	wBoxMon18OT	instance	Current Box Data	storage	live	
WRAM0	-	$DDF0	11	wBoxMon19OT	instance	Current Box Data	storage	live	
WRAM0	-	$DDFB	11	wBoxMon20OT	instance	Current Box Data	storage	live	
WRAM0	-	$DE06	11	wBoxMon1Nick	entry	Current Box Data	storage	rom,live	Box slot 1's nickname, 11 bytes.
WRAM0	-	$DE06	11	wBoxMonNicks	alias	Current Box Data	storage	rom,live	Twenty 11-byte nicknames.
WRAM0	-	$DE11	11	wBoxMon2Nick	instance	Current Box Data	storage	rom,live	
WRAM0	-	$DE1C	11	wBoxMon3Nick	instance	Current Box Data	storage	live	
WRAM0	-	$DE27	11	wBoxMon4Nick	instance	Current Box Data	storage	live	
WRAM0	-	$DE32	11	wBoxMon5Nick	instance	Current Box Data	storage	live	
WRAM0	-	$DE3D	11	wBoxMon6Nick	instance	Current Box Data	storage	live	
WRAM0	-	$DE48	11	wBoxMon7Nick	instance	Current Box Data	storage	live	
WRAM0	-	$DE53	11	wBoxMon8Nick	instance	Current Box Data	storage	live	
WRAM0	-	$DE5E	11	wBoxMon9Nick	instance	Current Box Data	storage	live	
WRAM0	-	$DE69	11	wBoxMon10Nick	instance	Current Box Data	storage	live	
WRAM0	-	$DE74	11	wBoxMon11Nick	instance	Current Box Data	storage	live	
WRAM0	-	$DE7F	11	wBoxMon12Nick	instance	Current Box Data	storage	live	
WRAM0	-	$DE8A	11	wBoxMon13Nick	instance	Current Box Data	storage	live	
WRAM0	-	$DE95	11	wBoxMon14Nick	instance	Current Box Data	storage	live	
WRAM0	-	$DEA0	11	wBoxMon15Nick	instance	Current Box Data	storage	live	
WRAM0	-	$DEAB	11	wBoxMon16Nick	instance	Current Box Data	storage	live	
WRAM0	-	$DEB6	11	wBoxMon17Nick	instance	Current Box Data	storage	live	
WRAM0	-	$DEC1	11	wBoxMon18Nick	instance	Current Box Data	storage	live	
WRAM0	-	$DECC	11	wBoxMon19Nick	instance	Current Box Data	storage	live	
WRAM0	-	$DED7	11	wBoxMon20Nick	instance	Current Box Data	storage	live	
WRAM0	-	$DEE2	30	free:WRAM00:$DEE2	free	(unallocated)	system	rom,live	
WRAM0	-	$DEE2	0	wBoxDataEnd	entry	Current Box Data	storage	rom,live	One past the live box.
WRAM0	-	$DEE2	0	wBoxMonNicksEnd	alias	Current Box Data	storage	rom,live	One past the box block. `wBoxDataEnd - wBoxDataStart` is `$462`, which is also the stride between consecutive `sBoxN` in cartridge RAM.
WRAM0	-	$DF00	255	gap:WRAM00:$DF00	gap	Stack	system	live	
WRAM0	-	$DFFF	1	wStack	entry	Stack	system	rom,live	The **top** of the stack. The Stack section is `$DF00-$DFFF` and this label sits at its last byte because the stack pointer starts here and grows downwards through all 256 bytes — which is why the atlas records the 255 bytes below it as reached by no label rather than as a hole.
HRAM	-	$FF80	10	hDMARoutine	entry	OAM DMA	system	rom,live	The OAM DMA routine, copied into high RAM at boot. It has to run from here: the CPU cannot read the cartridge or work RAM while a DMA is in progress, so the loop that waits for it must live somewhere that stays readable.
HRAM	-	$FF8A	1	hSoftReset	entry	HRAM	system	rom,live	Counts down while A+B+Start+Select are held; reaching zero resets the game.
HRAM	-	$FF8B	1	hSpriteDataOffset	entry	HRAM	system	rom,live	One of several unrelated scratch uses sharing this HRAM byte across different routines — elsewhere it also holds `hPreviousTileset` and `hSpriteInterlaceCounter` (see those entries) at different moments; which is live depends on what is currently executing.
HRAM	-	$FF8B	1	hBaseTileID	alias	HRAM	system	rom,live	
HRAM	-	$FF8B	1	hDexWeight	alias	HRAM	system	rom,live	
HRAM	-	$FF8B	1	hDownArrowBlinkCount1	alias	HRAM	system	rom,live	
HRAM	-	$FF8B	1	hEastWestConnectedMapWidth	alias	HRAM	system	rom,live	
HRAM	-	$FF8B	1	hItemPrice	alias	HRAM	system	rom,live	
HRAM	-	$FF8B	1	hMapStride	alias	HRAM	system	rom,live	
HRAM	-	$FF8B	1	hNorthSouthConnectionStripWidth	alias	HRAM	system	rom,live	
HRAM	-	$FF8B	1	hOAMTile	alias	HRAM	system	rom,live	
HRAM	-	$FF8B	1	hPreviousTileset	alias	HRAM	system	rom,live	The tileset id `LoadMapHeader` saw on entry, with bit 7 already cleared. It is written **before** the skip test, so it is set even on the frame the header load returns without having loaded anything.
HRAM	-	$FF8B	1	hRLEByteValue	alias	HRAM	system	rom,live	
HRAM	-	$FF8B	1	hROMBankTemp	alias	HRAM	system	rom,live	
HRAM	-	$FF8B	1	hSlideAmount	alias	HRAM	system	rom,live	
HRAM	-	$FF8B	1	hSpriteInterlaceCounter	alias	HRAM	system	rom,live	Alternates which half of the sprite list is drawn, so more than ten objects on a line flicker instead of vanishing.
HRAM	-	$FF8B	1	hSpriteWidth	alias	HRAM	system	rom,live	
HRAM	-	$FF8B	1	hWarpDestinationMap	alias	HRAM	system	rom,live	
HRAM	-	$FF8C	1	hSpriteIndex	entry	HRAM	system	rom,live	
HRAM	-	$FF8C	1	hMapWidth	alias	HRAM	system	rom,live	
HRAM	-	$FF8C	1	hNorthSouthConnectedMapWidth	alias	HRAM	system	rom,live	
HRAM	-	$FF8C	1	hPartyMonIndex	alias	HRAM	system	rom,live	
HRAM	-	$FF8C	1	hSlidingRegionSize	alias	HRAM	system	rom,live	
HRAM	-	$FF8C	1	hSpriteHeight	alias	HRAM	system	rom,live	
HRAM	-	$FF8C	1	hTextID	alias	HRAM	system	rom,live	
HRAM	-	$FF8C	1	hDownArrowBlinkCount2	instance	HRAM	system	rom,live	
HRAM	-	$FF8D	1	hEnemySpeed	entry	HRAM	system	rom,live	The opponent's Speed stat, kept in high RAM for the turn-order check that compares it against the player's own Speed. Measured across a real playthrough (walk, a forced battle, menus): written from 3 places, chiefly bank 5 `$78CF`, during battle, intro, walk/menus; 12 distinct values seen, 0-72.
HRAM	-	$FF8D	1	hLoadSpriteTemp1	alias	HRAM	system	rom,live	
HRAM	-	$FF8D	1	hSlideDirection	alias	HRAM	system	rom,live	
HRAM	-	$FF8D	1	hSpriteFacingDirection	alias	HRAM	system	rom,live	
HRAM	-	$FF8D	1	hSpriteImageIndex	alias	HRAM	system	rom,live	
HRAM	-	$FF8D	1	hSpriteMovementByte2	alias	HRAM	system	rom,live	
HRAM	-	$FF8D	1	hSpriteOffset	alias	HRAM	system	rom,live	
HRAM	-	$FF8D	1	hVRAMSlot	alias	HRAM	system	rom,live	
HRAM	-	$FF8E	1	hHalveItemPrices	entry	HRAM	system	rom	Set while browsing the PC's item storage, which sells back at half the mart price. Measured across a real playthrough (walk, a forced battle, menus): written from bank 5 `$7909`, during walk/menus; values seen: [1].
HRAM	-	$FF8E	1	hFourTileSpriteCount	alias	HRAM	system	rom	
HRAM	-	$FF8E	1	hLoadSpriteTemp2	instance	HRAM	system	rom	
HRAM	-	$FF8F	1	hCollidingSpriteOffset	entry	HRAM	system	rom	The OAM-buffer offset of whichever sprite the player is about to walk into, computed fresh each step before the collision check reads it. Measured across a real playthrough (walk, a forced battle, menus): written from bank 1 `$4B21` and bank 1 `$4CA5`, during battle-trigger, intro, walk/menus; 31 distinct values seen, 0-240.
HRAM	-	$FF8F	1	hSpriteOffset2	alias	HRAM	system	rom	
HRAM	-	$FF90	1	hCollidingSpriteTempYValue	entry	HRAM	system	rom	Shares this HRAM byte with `hOAMBufferOffset` (see that entry) — a different routine's temporary value, at a moment `PrepareOAMData` is not running.
HRAM	-	$FF90	1	hOAMBufferOffset	alias	HRAM	system	rom	How far `PrepareOAMData` has got through `wShadowOAM`, in bytes. It is eight bits and **nothing bounds it at the buffer's 160**, which is how sixteen drawable sprites can run the clear loop past `wShadowOAMEnd` and into the screen buffer behind it.
HRAM	-	$FF91	1	hCollidingSpriteTempXValue	entry	HRAM	system	rom	
HRAM	-	$FF91	1	hSpriteScreenX	alias	HRAM	system	rom	
HRAM	-	$FF92	1	hCollidingSpriteAdjustedDistance	entry	HRAM	system	rom	Distance (adjusted for direction) between the player and the sprite `hCollidingSpriteOffset` names, used to decide whether the step is blocked. Measured across a real playthrough (walk, a forced battle, menus): written from 3 places, chiefly bank 1 `$4BD4`, during battle-trigger, intro, walk/menus; 102 distinct values seen, 0-254.
HRAM	-	$FF92	1	hSpriteScreenY	alias	HRAM	system	rom	
HRAM	-	$FF93	1	hTilePlayerStandingOn	entry	HRAM	system	rom	The tile id under the player's own feet, read fresh every step for the collision and encounter checks. Measured across a real playthrough (walk, a forced battle, menus): written from bank 1 `$4C5F` and bank 1 `$4E44`, during intro, walk/menus; 10 distinct values seen, 16-128.
HRAM	-	$FF94	1	hSpritePriority	entry	HRAM	system	rom	
HRAM	-	$FF95	1	hSwapTemp	entry	HRAM	system	rom	One of several unrelated scratch uses sharing this HRAM byte — elsewhere it also holds the software-divide/multiply results `hDividend`/`hProduct`/`hQuotient` (see those entries) at different moments.
HRAM	-	$FF95	1	hDividend	alias	HRAM	system	rom	Input to the software divide routine — the CPU has no divide instruction.
HRAM	-	$FF95	1	hNPCMovementDirections2Index	alias	HRAM	system	rom	
HRAM	-	$FF95	1	hNPCPlayerYDistance	alias	HRAM	system	rom	
HRAM	-	$FF95	1	hNPCSpriteOffset	alias	HRAM	system	rom	
HRAM	-	$FF95	1	hPastLeadingZeros	alias	HRAM	system	rom	
HRAM	-	$FF95	1	hProduct	alias	HRAM	system	rom	Result of the software multiply, four bytes.
HRAM	-	$FF95	1	hQuotient	alias	HRAM	system	rom	Result of the software divide.
HRAM	-	$FF95	1	hSignCoordPointer	alias	HRAM	system	rom	
HRAM	-	$FF95	1	hSwapItemID	alias	HRAM	system	rom	
HRAM	-	$FF96	1	hExperience	entry	HRAM	system	rom	One of several unrelated scratch uses sharing this HRAM byte — elsewhere it also holds `hMultiplicand`, the software-multiply input (see that entry), at a different moment.
HRAM	-	$FF96	1	hMultiplicand	alias	HRAM	system	rom	Input to the software multiply routine.
HRAM	-	$FF96	1	hMutateWY	alias	HRAM	system	rom	
HRAM	-	$FF96	1	hNPCPlayerXDistance	alias	HRAM	system	rom	
HRAM	-	$FF96	1	hNumToPrint	alias	HRAM	system	rom	
HRAM	-	$FF96	1	hSwapItemQuantity	alias	HRAM	system	rom	
HRAM	-	$FF97	1	hMutateWX	entry	HRAM	system	rom	
HRAM	-	$FF97	1	hFindPathNumSteps	alias	HRAM	system	rom	
HRAM	-	$FF98	1	hFindPathFlags	entry	HRAM	system	rom	
HRAM	-	$FF99	1	hFindPathYProgress	entry	HRAM	system	rom	One of several unrelated scratch uses sharing this HRAM byte with the software math routines' `hDivisor`/`hMultiplier`/`hRemainder` (see those entries) at different moments.
HRAM	-	$FF99	1	hDivisor	alias	HRAM	system	rom	Divisor for the software divide.
HRAM	-	$FF99	1	hMultiplier	alias	HRAM	system	rom	The other input to the software multiply.
HRAM	-	$FF99	1	hPowerOf10	alias	HRAM	system	rom	
HRAM	-	$FF99	1	hRemainder	alias	HRAM	system	rom	Remainder from the software divide.
HRAM	-	$FF9A	1	hFindPathXProgress	entry	HRAM	system	rom	
HRAM	-	$FF9A	1	hDivideBuffer	alias	HRAM	system	rom	
HRAM	-	$FF9B	1	hNPCPlayerRelativePosPerspective	entry	HRAM	system	rom	
HRAM	-	$FF9B	1	hMultiplyBuffer	alias	HRAM	system	rom	
HRAM	-	$FF9C	1	hSavedNumToPrint	entry	HRAM	system	rom	
HRAM	-	$FF9D	2	hNPCPlayerRelativePosFlags	entry	HRAM	system	rom	Which side of the player an NPC is on, computed while deciding whether that NPC's sight line reaches the player. Measured across a real playthrough (walk, a forced battle, menus): written from 3 places, chiefly bank 13 `$7D65`, during battle, intro, post-battle menus; values seen: [0, 1, 2, 4, 5, 6, 85].
HRAM	-	$FF9F	1	hUnusedCoinsByte	entry	HRAM	system	rom	
HRAM	-	$FF9F	1	hMoney	alias	HRAM	system	rom	
HRAM	-	$FFA0	2	hCoins	entry	HRAM	system	rom	
HRAM	-	$FFA2	3	hDivideBCDQuotient	entry	HRAM	system	rom	
HRAM	-	$FFA2	3	hDivideBCDDivisor	alias	HRAM	system	rom	
HRAM	-	$FFA5	4	hDivideBCDBuffer	entry	HRAM	system	rom	
HRAM	-	$FFA9	1	hSerialReceivedNewData	entry	HRAM	link	rom	
HRAM	-	$FFAA	1	hSerialConnectionStatus	entry	HRAM	overworld	rom,live	Which end of the cable this console is: `$01` external clock, `$02` internal. The Cable Club attendant seats you according to this, so pressing A at the wrong console is a silent no-op that looks exactly like a broken link.
HRAM	-	$FFAB	1	hSerialIgnoringInitialData	entry	HRAM	link	rom	Set at the start of every block exchange. `Serial_ExchangeBytes` re-sends its first byte until a preamble byte comes back and only then starts storing, so a block of N bytes costs **N + 1** transfers and anything speaking this protocol has to lead each block with one extra preamble byte. Getting it off by one shifts the whole party block.
HRAM	-	$FFAC	1	hSerialSendData	entry	HRAM	link	rom	
HRAM	-	$FFAD	1	hSerialReceiveData	entry	HRAM	link	rom	
HRAM	-	$FFAE	1	hSCX	entry	HRAM	system	rom,live	The background's horizontal scroll as the game wants it, copied to the hardware in the vertical blank.
HRAM	-	$FFAF	1	hSCY	entry	HRAM	system	rom,live	The background's vertical scroll, likewise.
HRAM	-	$FFB0	1	hWY	entry	HRAM	system	rom,live	Where the window layer starts. Gen 1 draws almost everything through the window, which is why reading `$9800` returns spaces.
HRAM	-	$FFB1	1	hJoyLast	entry	HRAM	system	rom,live	The joypad reading from the previous frame, kept so the input handler can tell a fresh press from a held button. Measured across a real playthrough (walk, a forced battle, menus): written from bank 3 `$4015`, during battle, battle-trigger, intro, post-battle menus, walk/menus; values seen: [0, 1, 2, 8, 16, 32, 64, 128].
HRAM	-	$FFB2	1	hJoyReleased	entry	HRAM	system	rom,live	Buttons that came up this frame.
HRAM	-	$FFB3	1	hJoyPressed	entry	HRAM	system	rom,live	Buttons that went down this frame — a held button appears once.
HRAM	-	$FFB4	1	hJoyHeld	entry	HRAM	system	rom,live	Buttons currently held.
HRAM	-	$FFB5	1	hJoy5	entry	HRAM	system	rom,live	
HRAM	-	$FFB6	1	hJoy6	entry	HRAM	system	rom	
HRAM	-	$FFB7	1	hJoy7	entry	HRAM	system	rom	
HRAM	-	$FFB8	1	hLoadedROMBank	entry	HRAM	system	rom,live	Which switched ROM bank is mapped. Kept in high RAM so an interrupt can restore it.
HRAM	-	$FFB9	1	hSavedROMBank	entry	HRAM	system	rom,live	The ROM bank in use before a `Bankswitch` call, restored once the called routine returns. Measured across a real playthrough (walk, a forced battle, menus): written from bank 1 `$23E9` and bank 15 `$23E9`, during battle, battle-trigger, intro, post-battle menus; 9 distinct values seen, 1-37.
HRAM	-	$FFBA	1	hAutoBGTransferEnabled	entry	HRAM	system	rom,live	
HRAM	-	$FFBB	1	hAutoBGTransferPortion	entry	HRAM	system	rom,live	
HRAM	-	$FFBC	2	hAutoBGTransferDest	entry	HRAM	system	rom,live	
HRAM	-	$FFBE	1	hRedrawMapViewRowOffset	entry	HRAM	system	rom	
HRAM	-	$FFBF	2	hSPTemp	entry	HRAM	system	rom,live	Scratch for the stack pointer during a low-level routine that needs to save and restore it. Measured across a real playthrough (walk, a forced battle, menus): written from bank 1 `$1D5E`, during intro; values seen: [223].
HRAM	-	$FFC1	2	hVBlankCopyBGSource	entry	HRAM	system	rom	Source address for a background-tile copy the VBlank handler performs — part of the small queued-copy mechanism that keeps VRAM writes inside the vertical blank. Measured across a real playthrough (walk, a forced battle, menus): written from bank 1 `$190C` and bank 1 `$1DFE`, during intro, walk/menus; values seen: [0, 24, 144, 160].
HRAM	-	$FFC3	2	hVBlankCopyBGDest	entry	HRAM	system	rom	Destination address for the same queued VBlank background-tile copy `hVBlankCopyBGSource` names. Measured across a real playthrough (walk, a forced battle, menus): written from bank 1 `$1903`, during intro, walk/menus; values seen: [0, 128, 192].
HRAM	-	$FFC5	1	hVBlankCopyBGNumRows	entry	HRAM	system	rom	How many rows the queued VBlank background-tile copy transfers. Measured across a real playthrough (walk, a forced battle, menus): written from bank 1 `$1909`, during intro; values seen: [6].
HRAM	-	$FFC6	1	hVBlankCopySize	entry	HRAM	system	rom,live	
HRAM	-	$FFC7	2	hVBlankCopySource	entry	HRAM	system	rom,live	
HRAM	-	$FFC9	2	hVBlankCopyDest	entry	HRAM	system	rom,live	
HRAM	-	$FFCB	1	hVBlankCopyDoubleSize	entry	HRAM	system	rom,live	How many bytes the VBlank handler's other queued copy (for 2bpp tile data, which moves in pairs) transfers. Measured across a real playthrough (walk, a forced battle, menus): written from 3 places, chiefly bank 4 `$1E1F`, during battle, intro, walk/menus; values seen: [0, 3, 6, 8].
HRAM	-	$FFCC	2	hVBlankCopyDoubleSource	entry	HRAM	system	rom,live	Source address for the VBlank handler's queued 2bpp tile-data copy. Measured across a real playthrough (walk, a forced battle, menus): written from bank 4 `$1E51`, during battle, intro, walk/menus; values seen: [0, 64, 128, 152, 192, 200].
HRAM	-	$FFCE	2	hVBlankCopyDoubleDest	entry	HRAM	system	rom,live	Destination address for the VBlank handler's queued 2bpp tile-data copy. Measured across a real playthrough (walk, a forced battle, menus): written from bank 4 `$1E49` and bank 4 `$189D`, during battle, intro, walk/menus; values seen: [0, 48, 128, 144, 208].
HRAM	-	$FFD0	1	hRedrawRowOrColumnMode	entry	HRAM	system	rom	
HRAM	-	$FFD1	2	hRedrawRowOrColumnDest	entry	HRAM	system	rom	
HRAM	-	$FFD3	1	hRandomAdd	entry	HRAM	rng	rom,live,inv	High byte of the 16-bit seed. `Random_` mixes the hardware divider register `rDIV` in on **every** call, which is why a Gen 1 roll is not reproducible from the seed alone. **Verified live**: the harness requires both bytes to move within a second of ordinary play.
HRAM	-	$FFD4	1	hRandomSub	entry	HRAM	rng	rom,live,inv	Low byte of the seed, advanced by a subtract where the high byte is advanced by an add.
HRAM	-	$FFD5	1	hFrameCounter	entry	HRAM	system	rom,live	
HRAM	-	$FFD6	1	hVBlankOccurred	entry	HRAM	system	rom,live	Set by `DelayFrame` and cleared by the VBlank handler; the game spins here until it clears. **A machine parked in that loop is usually healthy** — a Game Boy spends most of every frame in it — so finding the CPU here proves nothing on its own. What distinguishes a real hang is interrupts: stuck reads `IME` low with the VBlank bit set in both `IE` and `IF`.
HRAM	-	$FFD7	1	hTileAnimations	entry	HRAM	system	rom	Which of the game's animated tiles (water, flowers) are currently enabled for the loaded tileset. Measured across a real playthrough (walk, a forced battle, menus): written from bank 15 `$6C73`, during battle, walk/menus; values seen: [0, 2].
HRAM	-	$FFD8	2	hMovingBGTilesCounter1	entry	HRAM	system	rom	
HRAM	-	$FFDA	1	hCurrentSpriteOffset	entry	HRAM	system	rom	The OAM-buffer offset of whichever sprite `PrepareOAMData` is currently placing — steps by 16 (one shadow-OAM entry's worth) once per sprite, which is exactly the multiples-of-16 sequence measured. Measured across a real playthrough (walk, a forced battle, menus): written from bank 1 `$4C3D`, during intro, walk/menus; 16 distinct values seen, 0-240.
HRAM	-	$FFDB	1	hInteractedWithBookshelf	entry	HRAM	system	rom	Set when the player has just read a bookshelf, so the same A press does not immediately re-trigger it. Measured across a real playthrough (walk, a forced battle, menus): changed value, during walk/menus; values seen: [255].
HRAM	-	$FFDB	1	hDexRatingNumMonsSeen	alias	HRAM	system	rom	
HRAM	-	$FFDB	1	hGymGateIndex	alias	HRAM	system	rom	
HRAM	-	$FFDB	1	hGymTrashCanRandNumMask	alias	HRAM	system	rom	
HRAM	-	$FFDB	1	hItemCounter	alias	HRAM	system	rom	
HRAM	-	$FFDB	1	hItemToRemoveID	alias	HRAM	system	rom	
HRAM	-	$FFDB	1	hOaksAideRequirement	alias	HRAM	system	rom	
HRAM	-	$FFDB	1	hOaksAideResult	alias	HRAM	system	rom	
HRAM	-	$FFDB	1	hPlayerFacing	alias	HRAM	system	rom	
HRAM	-	$FFDB	1	hSavedCoordIndex	alias	HRAM	system	rom	
HRAM	-	$FFDB	1	hToggleableObjectIndex	alias	HRAM	system	rom	
HRAM	-	$FFDB	1	hVendingMachineItem	alias	HRAM	system	rom	
HRAM	-	$FFDC	1	hItemToRemoveIndex	entry	HRAM	system	rom	
HRAM	-	$FFDC	1	hDexRatingNumMonsOwned	alias	HRAM	system	rom	
HRAM	-	$FFDC	1	hGymGateAnswer	alias	HRAM	system	rom	
HRAM	-	$FFDC	1	hOaksAideRewardItem	alias	HRAM	system	rom	
HRAM	-	$FFDC	1	hPlayerYCoord	alias	HRAM	system	rom	
HRAM	-	$FFDC	1	hVendingMachinePrice	alias	HRAM	system	rom	
HRAM	-	$FFDD	3	hOaksAideNumMonsOwned	entry	HRAM	system	rom	
HRAM	-	$FFDD	3	hPlayerXCoord	alias	HRAM	system	rom	
HRAM	-	$FFE0	1	hUnlockedSilphCoDoors	entry	HRAM	system	rom	
HRAM	-	$FFE0	1	hBackupGymGateIndex	alias	HRAM	system	rom	
HRAM	-	$FFE1	3	hStartTileID	entry	HRAM	system	rom	The tile id `PrepareOAMData` begins placing sprites from — the base of whatever block of VRAM the current sprite set was loaded into. Measured across a real playthrough (walk, a forced battle, menus): changed value, during battle; values seen: [0, 49].
HRAM	-	$FFE4	1	hNewPartyLength	entry	HRAM	system	rom	
HRAM	-	$FFE5	1	hIsToggleableObjectOff	entry	HRAM	system	rom	Whether the toggleable object (an item ball, a pushed boulder) currently being drawn has been removed from the map. Measured across a real playthrough (walk, a forced battle, menus): written from bank 3 `$71C5`, during walk/menus; values seen: [0, 1].
HRAM	-	$FFE5	1	hDividend2	alias	HRAM	system	rom	
HRAM	-	$FFE6	1	hDivisor2	entry	HRAM	system	rom	
HRAM	-	$FFE7	1	hQuotient2	entry	HRAM	system	rom	
HRAM	-	$FFE8	1	hMapROMBank	entry	HRAM	system	rom	Which ROM bank the current map's own data (its block map, text and scripts) lives in. Measured across a real playthrough (walk, a forced battle, menus): written from bank 3 `$12CB`, during intro, walk/menus; values seen: [6, 7, 17, 21].
HRAM	-	$FFE9	1	hSpriteVRAMSlotAndFacing	entry	HRAM	system	rom	
HRAM	-	$FFEA	1	hSpriteAnimFrameCounter	entry	HRAM	system	rom	Scratch copy of an animation frame counter, used while `PrepareOAMData` is deciding which tiles a walking sprite needs this frame. Measured across a real playthrough (walk, a forced battle, menus): changed value, during walk/menus; values seen: [255].
HRAM	-	$FFEA	1	hCoordsInFrontOfPlayerMatch	alias	HRAM	system	rom	
HRAM	-	$FFEB	1	hItemAlreadyFound	entry	HRAM	system	rom	Set while checking a map's hidden-item flags, so the same tile is not offered twice. Measured across a real playthrough (walk, a forced battle, menus): written from bank 17 `$69A4` and bank 17 `$3EEC`, during walk/menus; values seen: [0, 255].
HRAM	-	$FFEB	1	hSpriteScreenYCoord	alias	HRAM	system	rom	
HRAM	-	$FFEC	1	hSavedMapTextPtr	entry	HRAM	system	rom	
HRAM	-	$FFEC	1	hSpriteScreenXCoord	alias	HRAM	system	rom	
HRAM	-	$FFED	1	hSpriteMapYCoord	entry	HRAM	system	rom	
HRAM	-	$FFEE	5	hDidntFindAnyHiddenEvent	entry	HRAM	system	rom	Set when a check of the map's hidden-object flags finds nothing at the player's tile. Measured across a real playthrough (walk, a forced battle, menus): written from bank 17 `$69A7` and bank 17 `$69FE`, during walk/menus; values seen: [0, 255].
HRAM	-	$FFEE	5	hSpriteMapXCoord	alias	HRAM	system	rom	
HRAM	-	$FFF3	1	hWhoseTurn	entry	HRAM	system	rom	Whose turn the battle engine is currently resolving — the player's or the opponent's. Measured across a real playthrough (walk, a forced battle, menus): written from bank 15 `$54E4`, during battle; values seen: [0, 1].
HRAM	-	$FFF4	2	hClearLetterPrintingDelayFlags	entry	HRAM	system	rom	Clears the text delay for one message.
HRAM	-	$FFF6	1	hUILayoutFlags	entry	HRAM	system	rom	Which optional pieces of the current menu's layout are drawn (a border, a second column, and so on). Measured across a real playthrough (walk, a forced battle, menus): written from 3 places, chiefly bank 15 `$5331`, during battle; values seen: [0, 2, 4].
HRAM	-	$FFF7	1	hFieldMoveMonMenuTopMenuItemX	entry	HRAM	system	rom	
HRAM	-	$FFF8	1	hJoyInput	entry	HRAM	system	rom,live	Buttons as the hardware reports them this frame.
HRAM	-	$FFF9	6	hDisableJoypadPolling	entry	HRAM	system	rom,live	Set while a cutscene is feeding the game canned button presses.
ROM0	-	$01AE	2126	MapHeaderPointers	entry	Home	rom-data		One pointer per map to its header — the record that says how big it is, which tileset it uses and where its blocks live.
ROM0	-	$09FC	1664	LoadTileBlockMap	entry	Home	rom-data		
ROM0	-	$107C	1211	LoadMapHeader	entry	Home	rom-data		Loads a map's header — unless the no-previous-map latch is set, in which case it clears the latch and returns having loaded nothing.
ROM0	-	$1537	240	GetMonHeader	entry	Home	rom-data		Fetches a species' base stats, converting internal index to Pokedex number on the way and special-casing Mew.
ROM0	-	$1627	814	UncompressMonSprite	entry	Home	rom-data		Entry point to Gen 1's picture decompression, which unpacks a Pokemon's art into the cartridge-RAM sprite buffers.
ROM0	-	$1955	491	PlaceString	entry	Home	rom-data		Writes character codes into `wTileMap`. The routine that makes the screen readable as text.
ROM0	-	$1B40	2493	TextCommandProcessor	entry	Home	rom-data		The text engine. Gen 1 text is a little bytecode, not a string: this is the interpreter that walks it, and `TextCommand_*` are its opcodes.
ROM0	-	$24FD	89	UncompressSpriteData	entry	Home	rom-data		
ROM0	-	$2556	5073	UncompressSpriteDataLoop	entry	Home	rom-data		
ROM0	-	$3927	15	AddPartyMon	entry	Home	rom-data		Adds a Pokémon to the party or a box, rolling DVs for anything that is not wild and copying them verbatim for anything that is.
ROM0	-	$3936	20	CalcStats	entry	Home	rom-data		Computes all five stats from base stats, level, DVs and stat experience.
ROM0	-	$394A	1628	CalcStat	entry	Home	rom-data		Computes one stat. Also the routine that assembles the HP DV out of the low bits of the other four.
ROMX	1	$425B	941	MewBaseStats	entry	bank1	rom-data		Mew's record, which lives outside the main table in Red and Blue and has to be special-cased by anything that reads base stats.
ROMX	1	$4608	291	ItemPrices	entry	bank1	rom-data		Item prices, in BCD like the money that pays them.
ROMX	1	$472B	13598	ItemNames	entry	bank1	rom-data		Item names.
ROMX	2	$4000	558	SFX_Headers_1	entry	Sound Effect Headers 1	rom-data		
ROMX	3	$404D	496	MapSongBanks	entry	bank3	rom-data		Which music each map plays, and in which bank.
ROMX	3	$423D	1409	MapHeaderBanks	entry	bank3	rom-data		Which ROM bank each map's header is in.
ROMX	3	$47BE	1837	Tilesets	entry	bank3	rom-data		One record per tileset: which bank, where the blocks are, where the art is, which tiles are walkable. `wTilesetBank` onwards is a copy of one of these.
ROMX	3	$4EEB	1948	WildDataPointers	entry	bank3	rom-data		One pointer per map to its wild encounter tables.
ROMX	3	$5687	7262	ItemUseBall	entry	bank3	rom-data		The capture routine. Its ball threshold is a *resampling loop*, not a failure, and its status bonus is subtracted before the catch check — two facts a modern capture formula gets wrong for Gen 1.
ROMX	3	$72E5	2405	_AddPartyMon	entry	bank3	rom-data		
ROMX	4	$5380	1792	PokemonLogoGraphics	entry	Font Graphics	rom-data		
ROMX	4	$5A80	1056	FontGraphics	entry	Font Graphics	rom-data		The font tiles, in the order that makes a tile id a character code.
ROMX	4	$5EA0	480	HpBarAndStatusGraphics	entry	Font Graphics	rom-data		The HP bar segments and the status-condition badges.
ROMX	4	$6080	72	BattleHudTiles1	entry	Font Graphics	rom-data		Battle interface tiles.
ROMX	4	$60C8	448	NintendoCopyrightLogoGraphics	entry	Font Graphics	rom-data		
ROMX	4	$6288	1616	TextBoxGraphics	entry	Font Graphics	rom-data		The frame a text box is drawn from.
ROMX	4	$6EDE	266	RedPicFront	entry	Battle Engine 1	rom-data		
ROMX	4	$6FE8	90	ShrinkPic1	entry	Battle Engine 1	rom-data		
ROMX	4	$7042	1841	ShrinkPic2	instance	Battle Engine 1	rom-data		
ROMX	4	$7773	796	TechnicalMachines	entry	Battle Engine 1	rom-data		
ROMX	4	$7A8F	17	Random_	entry	Battle Engine 1	rom-data		The random number generator: two three-instruction sequences that fold the hardware divider register into a 16-bit seed. Locating it in the cartridge is how `hRandomAdd` and `hRandomSub` are read out rather than trusted.
ROMX	5	$7A64	195	MapSpriteSets	entry	Battle Engine 2	rom-data		Which set of overworld character sheets each map loads. A map can only show characters from its own set.
ROMX	5	$7B27	1080	SpriteSheetPointerTable	entry	Battle Engine 2	rom-data		Where each overworld character's tiles live.
ROMX	7	$421E	2043	MonsterNames	entry	Pokémon Names	rom-data	inv	Species names, ten bytes each, indexed by **internal index** — not by Pokedex number. **Verified against the cartridge**: entry 1 reads RHYDON, which is the single most quoted fact about this ROM.
ROMX	14	$4000	990	Moves	entry	Battle Engine 7	rom-data		Move data, six bytes each: effect, power, type, accuracy, PP.
ROMX	14	$43DE	5309	BaseStats	entry	Battle Engine 7	rom-data	inv	Species base stats, 28 bytes each, indexed by **Pokedex number**. **Verified against the cartridge**: the first record is Bulbasaur's 45/49/49/45/65.
ROMX	14	$589B	121	TrainerClassMoveChoiceModifications	entry	Battle Engine 7	rom-data		Per class, which move-choice biases apply — the whole of Gen 1's battle AI is a short list of these.
ROMX	14	$5914	235	TrainerPicAndMoneyPointers	entry	Battle Engine 7	rom-data		
ROMX	14	$59FF	596	TrainerNames	entry	Battle Engine 7	rom-data		Trainer class names.
ROMX	14	$5C53	232	ReadTrainer	entry	Battle Engine 7	rom-data		Builds a trainer's whole six-slot team into `wEnemyMons`, in the party shape.
ROMX	14	$5D3B	2081	TrainerDataPointers	entry	Battle Engine 7	rom-data		Where each trainer class's rosters begin.
ROMX	14	$655C	2816	TrainerAIPointers	entry	Battle Engine 7	rom-data		Per trainer class, the routine that decides its moves.
ROMX	14	$705C	2954	EvosMovesPointerTable	entry	Battle Engine 7	rom-data		Per species, its evolutions and the moves it learns by level.
ROMX	15	$5C88	3705	CheckForDisobedience	entry	Battle Core	rom-data		Compares a Pokémon's OT ID and name against the player's; a mismatch means it was traded, and a traded Pokémon obeys only up to a level your badges permit.
ROMX	15	$6B01	922	LoadEnemyMonData	entry	Battle Core	rom-data		Builds the opponent. For a wild battle it rolls two `BattleRandom` bytes straight into `wEnemyMonDVs`, which is why a DV verdict is available the instant the battle starts.
ROMX	15	$6E9B	3373	BattleRandom	entry	Battle Core	rom-data		`Random`, except in a link battle where it draws from a shared nine-entry list so both consoles roll identically.
ROMX	16	$447E	2982	PokedexEntryPointers	entry	bank10	rom-data		Per species, its Pokédex entry text, height and weight.
ROMX	16	$5024	6095	PokedexOrder	entry	bank10	rom-data	inv	Internal index to Pokedex number. The converter between the two tables above, and the reason a species byte cannot be read as a dex number. **Verified against the cartridge** by its first eight entries.
ROMX	20	$65AF	196	InitBattleVariables	entry	Battle Engine 8	rom-data		Sets up the battle, including writing 7 into every stat-stage byte — before it runs they are zeroed work RAM, which reads as −6 on everything.
ROMX	28	$590D	3259	MonPartyData	entry	bank1C	rom-data		
ROMX	28	$65C8	4128	MonsterPalettes	entry	bank1C	rom-data		One palette index per species, for a Super Game Boy.
ROMX	28	$75E8	622	TryLoadSaveFile	entry	bank1C	rom-data		Reads the save back, checks its checksum, and sets the no-previous-map latch so the map header is trusted rather than reloaded.
ROMX	28	$7856	839	CalcCheckSum	entry	bank1C	save		The save checksum: the complement of a byte sum. Edit a save by hand and this is what has to be recomputed.
ROMX	44	$4000	1551	MoveNames	entry	Move Names	rom-data		Move names, terminated rather than fixed-width.
